timestamp,sensor_id,value,type
2025-10-01 00:00:00,temp_001,19.88,temperature
2025-10-01 00:00:00,lux_001,10.0,luminosity
2025-10-01 00:00:00,occ_001,0.0,occupancy
2025-10-01 00:15:00,temp_001,20.8,temperature
2025-10-01 00:15:00,lux_001,11.0,luminosity
2025-10-01 00:15:00,occ_001,0.0,occupancy
2025-10-01 00:30:00,temp_001,21.27,temperature
2025-10-01 00:30:00,lux_001,5.0,luminosity
2025-10-01 00:30:00,occ_001,1.0,occupancy
2025-10-01 00:45:00,temp_001,19.91,temperature
2025-10-01 00:45:00,lux_001,5.0,luminosity
2025-10-01 00:45:00,occ_001,0.0,occupancy
2025-10-01 01:00:00,temp_001,19.79,temperature
2025-10-01 01:00:00,lux_001,1.0,luminosity
2025-10-01 01:00:00,occ_001,0.0,occupancy
2025-10-01 01:15:00,temp_001,20.04,temperature
2025-10-01 01:15:00,lux_001,2.0,luminosity
2025-10-01 01:15:00,occ_001,0.0,occupancy
2025-10-01 01:30:00,temp_001,20.48,temperature
2025-10-01 01:30:00,lux_001,10.0,luminosity
2025-10-01 01:30:00,occ_001,0.0,occupancy
2025-10-01 01:45:00,temp_001,20.42,temperature
2025-10-01 01:45:00,lux_001,10.0,luminosity
2025-10-01 01:45:00,occ_001,0.0,occupancy
2025-10-01 02:00:00,temp_001,19.95,temperature
2025-10-01 02:00:00,lux_001,9.0,luminosity
2025-10-01 02:00:00,occ_001,0.0,occupancy
2025-10-01 02:15:00,temp_001,20.52,temperature
2025-10-01 02:15:00,lux_001,12.0,luminosity
2025-10-01 02:15:00,occ_001,0.0,occupancy
2025-10-01 02:30:00,temp_001,20.85,temperature
2025-10-01 02:30:00,lux_001,10.0,luminosity
2025-10-01 02:30:00,occ_001,0.0,occupancy
2025-10-01 02:45:00,temp_001,20.05,temperature
2025-10-01 02:45:00,lux_001,10.0,luminosity
2025-10-01 02:45:00,occ_001,0.0,occupancy
2025-10-01 03:00:00,temp_001,19.78,temperature
2025-10-01 03:00:00,lux_001,14.0,luminosity
2025-10-01 03:00:00,occ_001,0.0,occupancy
2025-10-01 03:15:00,temp_001,20.64,temperature
2025-10-01 03:15:00,lux_001,13.0,luminosity
2025-10-01 03:15:00,occ_001,0.0,occupancy
2025-10-01 03:30:00,temp_001,20.33,temperature
2025-10-01 03:30:00,lux_001,14.0,luminosity
2025-10-01 03:30:00,occ_001,1.0,occupancy
2025-10-01 03:45:00,temp_001,19.81,temperature
2025-10-01 03:45:00,lux_001,12.0,luminosity
2025-10-01 03:45:00,occ_001,0.0,occupancy
2025-10-01 04:00:00,temp_001,20.62,temperature
2025-10-01 04:00:00,lux_001,15.0,luminosity
2025-10-01 04:00:00,occ_001,0.0,occupancy
2025-10-01 04:15:00,temp_001,19.77,temperature
2025-10-01 04:15:00,lux_001,18.0,luminosity
2025-10-01 04:15:00,occ_001,0.0,occupancy
2025-10-01 04:30:00,temp_001,20.98,temperature
2025-10-01 04:30:00,lux_001,5.0,luminosity
2025-10-01 04:30:00,occ_001,0.0,occupancy
2025-10-01 04:45:00,temp_001,19.72,temperature
2025-10-01 04:45:00,lux_001,6.0,luminosity
2025-10-01 04:45:00,occ_001,0.0,occupancy
2025-10-01 05:00:00,temp_001,20.28,temperature
2025-10-01 05:00:00,lux_001,13.0,luminosity
2025-10-01 05:00:00,occ_001,0.0,occupancy
2025-10-01 05:15:00,temp_001,20.72,temperature
2025-10-01 05:15:00,lux_001,9.0,luminosity
2025-10-01 05:15:00,occ_001,0.0,occupancy
2025-10-01 05:30:00,temp_001,21.43,temperature
2025-10-01 05:30:00,lux_001,11.0,luminosity
2025-10-01 05:30:00,occ_001,0.0,occupancy
2025-10-01 05:45:00,temp_001,20.57,temperature
2025-10-01 05:45:00,lux_001,12.0,luminosity
2025-10-01 05:45:00,occ_001,0.0,occupancy
2025-10-01 06:00:00,temp_001,20.8,temperature
2025-10-01 06:00:00,lux_001,461.0,luminosity
2025-10-01 06:00:00,occ_001,0.0,occupancy
2025-10-01 06:15:00,temp_001,20.46,temperature
2025-10-01 06:15:00,lux_001,552.0,luminosity
2025-10-01 06:15:00,occ_001,0.0,occupancy
2025-10-01 06:30:00,temp_001,22.03,temperature
2025-10-01 06:30:00,lux_001,429.0,luminosity
2025-10-01 06:30:00,occ_001,0.0,occupancy
2025-10-01 06:45:00,temp_001,21.36,temperature
2025-10-01 06:45:00,lux_001,413.0,luminosity
2025-10-01 06:45:00,occ_001,0.0,occupancy
2025-10-01 07:00:00,temp_001,22.23,temperature
2025-10-01 07:00:00,lux_001,580.0,luminosity
2025-10-01 07:00:00,occ_001,1.0,occupancy
2025-10-01 07:15:00,temp_001,21.9,temperature
2025-10-01 07:15:00,lux_001,653.0,luminosity
2025-10-01 07:15:00,occ_001,0.0,occupancy
2025-10-01 07:30:00,temp_001,21.21,temperature
2025-10-01 07:30:00,lux_001,526.0,luminosity
2025-10-01 07:30:00,occ_001,0.0,occupancy
2025-10-01 07:45:00,temp_001,21.75,temperature
2025-10-01 07:45:00,lux_001,464.0,luminosity
2025-10-01 07:45:00,occ_001,1.0,occupancy
2025-10-01 08:00:00,temp_001,23.5,temperature
2025-10-01 08:00:00,lux_001,583.0,luminosity
2025-10-01 08:00:00,occ_001,1.0,occupancy
2025-10-01 08:15:00,temp_001,21.37,temperature
2025-10-01 08:15:00,lux_001,678.0,luminosity
2025-10-01 08:15:00,occ_001,1.0,occupancy
2025-10-01 08:30:00,temp_001,23.21,temperature
2025-10-01 08:30:00,lux_001,731.0,luminosity
2025-10-01 08:30:00,occ_001,1.0,occupancy
2025-10-01 08:45:00,temp_001,21.6,temperature
2025-10-01 08:45:00,lux_001,419.0,luminosity
2025-10-01 08:45:00,occ_001,0.0,occupancy
2025-10-01 09:00:00,temp_001,21.91,temperature
2025-10-01 09:00:00,lux_001,695.0,luminosity
2025-10-01 09:00:00,occ_001,1.0,occupancy
2025-10-01 09:15:00,temp_001,22.09,temperature
2025-10-01 09:15:00,lux_001,556.0,luminosity
2025-10-01 09:15:00,occ_001,1.0,occupancy
2025-10-01 09:30:00,temp_001,22.11,temperature
2025-10-01 09:30:00,lux_001,484.0,luminosity
2025-10-01 09:30:00,occ_001,1.0,occupancy
2025-10-01 09:45:00,temp_001,22.41,temperature
2025-10-01 09:45:00,lux_001,363.0,luminosity
2025-10-01 09:45:00,occ_001,1.0,occupancy
2025-10-01 10:00:00,temp_001,22.17,temperature
2025-10-01 10:00:00,lux_001,610.0,luminosity
2025-10-01 10:00:00,occ_001,1.0,occupancy
2025-10-01 10:15:00,temp_001,23.0,temperature
2025-10-01 10:15:00,lux_001,637.0,luminosity
2025-10-01 10:15:00,occ_001,1.0,occupancy
2025-10-01 10:30:00,temp_001,22.94,temperature
2025-10-01 10:30:00,lux_001,492.0,luminosity
2025-10-01 10:30:00,occ_001,1.0,occupancy
2025-10-01 10:45:00,temp_001,22.53,temperature
2025-10-01 10:45:00,lux_001,513.0,luminosity
2025-10-01 10:45:00,occ_001,1.0,occupancy
2025-10-01 11:00:00,temp_001,23.13,temperature
2025-10-01 11:00:00,lux_001,501.0,luminosity
2025-10-01 11:00:00,occ_001,0.0,occupancy
2025-10-01 11:15:00,temp_001,23.25,temperature
2025-10-01 11:15:00,lux_001,561.0,luminosity
2025-10-01 11:15:00,occ_001,1.0,occupancy
2025-10-01 11:30:00,temp_001,21.54,temperature
2025-10-01 11:30:00,lux_001,428.0,luminosity
2025-10-01 11:30:00,occ_001,1.0,occupancy
2025-10-01 11:45:00,temp_001,24.28,temperature
2025-10-01 11:45:00,lux_001,511.0,luminosity
2025-10-01 11:45:00,occ_001,1.0,occupancy
2025-10-01 12:00:00,temp_001,23.39,temperature
2025-10-01 12:00:00,lux_001,506.0,luminosity
2025-10-01 12:00:00,occ_001,1.0,occupancy
2025-10-01 12:15:00,temp_001,24.24,temperature
2025-10-01 12:15:00,lux_001,594.0,luminosity
2025-10-01 12:15:00,occ_001,1.0,occupancy
2025-10-01 12:30:00,temp_001,23.72,temperature
2025-10-01 12:30:00,lux_001,366.0,luminosity
2025-10-01 12:30:00,occ_001,1.0,occupancy
2025-10-01 12:45:00,temp_001,23.94,temperature
2025-10-01 12:45:00,lux_001,422.0,luminosity
2025-10-01 12:45:00,occ_001,0.0,occupancy
2025-10-01 13:00:00,temp_001,24.46,temperature
2025-10-01 13:00:00,lux_001,449.0,luminosity
2025-10-01 13:00:00,occ_001,1.0,occupancy
2025-10-01 13:15:00,temp_001,24.5,temperature
2025-10-01 13:15:00,lux_001,404.0,luminosity
2025-10-01 13:15:00,occ_001,1.0,occupancy
2025-10-01 13:30:00,temp_001,23.35,temperature
2025-10-01 13:30:00,lux_001,487.0,luminosity
2025-10-01 13:30:00,occ_001,0.0,occupancy
2025-10-01 13:45:00,temp_001,24.33,temperature
2025-10-01 13:45:00,lux_001,362.0,luminosity
2025-10-01 13:45:00,occ_001,0.0,occupancy
2025-10-01 14:00:00,temp_001,23.72,temperature
2025-10-01 14:00:00,lux_001,606.0,luminosity
2025-10-01 14:00:00,occ_001,1.0,occupancy
2025-10-01 14:15:00,temp_001,24.7,temperature
2025-10-01 14:15:00,lux_001,504.0,luminosity
2025-10-01 14:15:00,occ_001,1.0,occupancy
2025-10-01 14:30:00,temp_001,23.26,temperature
2025-10-01 14:30:00,lux_001,460.0,luminosity
2025-10-01 14:30:00,occ_001,1.0,occupancy
2025-10-01 14:45:00,temp_001,24.14,temperature
2025-10-01 14:45:00,lux_001,494.0,luminosity
2025-10-01 14:45:00,occ_001,1.0,occupancy
2025-10-01 15:00:00,temp_001,24.23,temperature
2025-10-01 15:00:00,lux_001,368.0,luminosity
2025-10-01 15:00:00,occ_001,1.0,occupancy
2025-10-01 15:15:00,temp_001,24.42,temperature
2025-10-01 15:15:00,lux_001,414.0,luminosity
2025-10-01 15:15:00,occ_001,1.0,occupancy
2025-10-01 15:30:00,temp_001,23.68,temperature
2025-10-01 15:30:00,lux_001,404.0,luminosity
2025-10-01 15:30:00,occ_001,1.0,occupancy
2025-10-01 15:45:00,temp_001,22.74,temperature
2025-10-01 15:45:00,lux_001,348.0,luminosity
2025-10-01 15:45:00,occ_001,1.0,occupancy
2025-10-01 16:00:00,temp_001,23.91,temperature
2025-10-01 16:00:00,lux_001,464.0,luminosity
2025-10-01 16:00:00,occ_001,1.0,occupancy
2025-10-01 16:15:00,temp_001,24.42,temperature
2025-10-01 16:15:00,lux_001,547.0,luminosity
2025-10-01 16:15:00,occ_001,1.0,occupancy
2025-10-01 16:30:00,temp_001,22.68,temperature
2025-10-01 16:30:00,lux_001,534.0,luminosity
2025-10-01 16:30:00,occ_001,1.0,occupancy
2025-10-01 16:45:00,temp_001,24.56,temperature
2025-10-01 16:45:00,lux_001,423.0,luminosity
2025-10-01 16:45:00,occ_001,1.0,occupancy
2025-10-01 17:00:00,temp_001,23.39,temperature
2025-10-01 17:00:00,lux_001,367.0,luminosity
2025-10-01 17:00:00,occ_001,0.0,occupancy
2025-10-01 17:15:00,temp_001,23.36,temperature
2025-10-01 17:15:00,lux_001,596.0,luminosity
2025-10-01 17:15:00,occ_001,1.0,occupancy
2025-10-01 17:30:00,temp_001,23.33,temperature
2025-10-01 17:30:00,lux_001,265.0,luminosity
2025-10-01 17:30:00,occ_001,0.0,occupancy
2025-10-01 17:45:00,temp_001,23.51,temperature
2025-10-01 17:45:00,lux_001,253.0,luminosity
2025-10-01 17:45:00,occ_001,0.0,occupancy
2025-10-01 18:00:00,temp_001,23.17,temperature
2025-10-01 18:00:00,lux_001,478.0,luminosity
2025-10-01 18:00:00,occ_001,0.0,occupancy
2025-10-01 18:15:00,temp_001,22.39,temperature
2025-10-01 18:15:00,lux_001,352.0,luminosity
2025-10-01 18:15:00,occ_001,0.0,occupancy
2025-10-01 18:30:00,temp_001,23.27,temperature
2025-10-01 18:30:00,lux_001,339.0,luminosity
2025-10-01 18:30:00,occ_001,0.0,occupancy
2025-10-01 18:45:00,temp_001,22.62,temperature
2025-10-01 18:45:00,lux_001,492.0,luminosity
2025-10-01 18:45:00,occ_001,0.0,occupancy
2025-10-01 19:00:00,temp_001,21.57,temperature
2025-10-01 19:00:00,lux_001,13.0,luminosity
2025-10-01 19:00:00,occ_001,1.0,occupancy
2025-10-01 19:15:00,temp_001,22.32,temperature
2025-10-01 19:15:00,lux_001,0.0,luminosity
2025-10-01 19:15:00,occ_001,0.0,occupancy
2025-10-01 19:30:00,temp_001,22.31,temperature
2025-10-01 19:30:00,lux_001,10.0,luminosity
2025-10-01 19:30:00,occ_001,1.0,occupancy
2025-10-01 19:45:00,temp_001,22.48,temperature
2025-10-01 19:45:00,lux_001,17.0,luminosity
2025-10-01 19:45:00,occ_001,0.0,occupancy
2025-10-01 20:00:00,temp_001,21.57,temperature
2025-10-01 20:00:00,lux_001,17.0,luminosity
2025-10-01 20:00:00,occ_001,0.0,occupancy
2025-10-01 20:15:00,temp_001,21.98,temperature
2025-10-01 20:15:00,lux_001,13.0,luminosity
2025-10-01 20:15:00,occ_001,0.0,occupancy
2025-10-01 20:30:00,temp_001,22.84,temperature
2025-10-01 20:30:00,lux_001,16.0,luminosity
2025-10-01 20:30:00,occ_001,0.0,occupancy
2025-10-01 20:45:00,temp_001,21.78,temperature
2025-10-01 20:45:00,lux_001,11.0,luminosity
2025-10-01 20:45:00,occ_001,0.0,occupancy
2025-10-01 21:00:00,temp_001,21.49,temperature
2025-10-01 21:00:00,lux_001,8.0,luminosity
2025-10-01 21:00:00,occ_001,0.0,occupancy
2025-10-01 21:15:00,temp_001,21.56,temperature
2025-10-01 21:15:00,lux_001,8.0,luminosity
2025-10-01 21:15:00,occ_001,0.0,occupancy
2025-10-01 21:30:00,temp_001,20.71,temperature
2025-10-01 21:30:00,lux_001,11.0,luminosity
2025-10-01 21:30:00,occ_001,0.0,occupancy
2025-10-01 21:45:00,temp_001,21.19,temperature
2025-10-01 21:45:00,lux_001,7.0,luminosity
2025-10-01 21:45:00,occ_001,1.0,occupancy
2025-10-01 22:00:00,temp_001,22.12,temperature
2025-10-01 22:00:00,lux_001,5.0,luminosity
2025-10-01 22:00:00,occ_001,0.0,occupancy
2025-10-01 22:15:00,temp_001,20.62,temperature
2025-10-01 22:15:00,lux_001,6.0,luminosity
2025-10-01 22:15:00,occ_001,0.0,occupancy
2025-10-01 22:30:00,temp_001,20.58,temperature
2025-10-01 22:30:00,lux_001,14.0,luminosity
2025-10-01 22:30:00,occ_001,0.0,occupancy
2025-10-01 22:45:00,temp_001,20.05,temperature
2025-10-01 22:45:00,lux_001,16.0,luminosity
2025-10-01 22:45:00,occ_001,0.0,occupancy
2025-10-01 23:00:00,temp_001,20.27,temperature
2025-10-01 23:00:00,lux_001,7.0,luminosity
2025-10-01 23:00:00,occ_001,1.0,occupancy
2025-10-01 23:15:00,temp_001,20.84,temperature
2025-10-01 23:15:00,lux_001,11.0,luminosity
2025-10-01 23:15:00,occ_001,0.0,occupancy
2025-10-01 23:30:00,temp_001,20.22,temperature
2025-10-01 23:30:00,lux_001,12.0,luminosity
2025-10-01 23:30:00,occ_001,0.0,occupancy
2025-10-01 23:45:00,temp_001,20.99,temperature
2025-10-01 23:45:00,lux_001,12.0,luminosity
2025-10-01 23:45:00,occ_001,0.0,occupancy
2025-10-02 00:00:00,temp_001,20.12,temperature
2025-10-02 00:00:00,lux_001,11.0,luminosity
2025-10-02 00:00:00,occ_001,1.0,occupancy
2025-10-02 00:15:00,temp_001,19.95,temperature
2025-10-02 00:15:00,lux_001,5.0,luminosity
2025-10-02 00:15:00,occ_001,1.0,occupancy
2025-10-02 00:30:00,temp_001,20.43,temperature
2025-10-02 00:30:00,lux_001,11.0,luminosity
2025-10-02 00:30:00,occ_001,0.0,occupancy
2025-10-02 00:45:00,temp_001,20.97,temperature
2025-10-02 00:45:00,lux_001,8.0,luminosity
2025-10-02 00:45:00,occ_001,1.0,occupancy
2025-10-02 01:00:00,temp_001,19.63,temperature
2025-10-02 01:00:00,lux_001,11.0,luminosity
2025-10-02 01:00:00,occ_001,0.0,occupancy
2025-10-02 01:15:00,temp_001,19.85,temperature
2025-10-02 01:15:00,lux_001,11.0,luminosity
2025-10-02 01:15:00,occ_001,0.0,occupancy
2025-10-02 01:30:00,temp_001,20.11,temperature
2025-10-02 01:30:00,lux_001,15.0,luminosity
2025-10-02 01:30:00,occ_001,0.0,occupancy
2025-10-02 01:45:00,temp_001,19.72,temperature
2025-10-02 01:45:00,lux_001,2.0,luminosity
2025-10-02 01:45:00,occ_001,0.0,occupancy
2025-10-02 02:00:00,temp_001,19.49,temperature
2025-10-02 02:00:00,lux_001,8.0,luminosity
2025-10-02 02:00:00,occ_001,0.0,occupancy
2025-10-02 02:15:00,temp_001,19.64,temperature
2025-10-02 02:15:00,lux_001,8.0,luminosity
2025-10-02 02:15:00,occ_001,0.0,occupancy
2025-10-02 02:30:00,temp_001,19.34,temperature
2025-10-02 02:30:00,lux_001,7.0,luminosity
2025-10-02 02:30:00,occ_001,0.0,occupancy
2025-10-02 02:45:00,temp_001,20.18,temperature
2025-10-02 02:45:00,lux_001,12.0,luminosity
2025-10-02 02:45:00,occ_001,0.0,occupancy
2025-10-02 03:00:00,temp_001,19.84,temperature
2025-10-02 03:00:00,lux_001,4.0,luminosity
2025-10-02 03:00:00,occ_001,0.0,occupancy
2025-10-02 03:15:00,temp_001,19.8,temperature
2025-10-02 03:15:00,lux_001,11.0,luminosity
2025-10-02 03:15:00,occ_001,0.0,occupancy
2025-10-02 03:30:00,temp_001,20.41,temperature
2025-10-02 03:30:00,lux_001,6.0,luminosity
2025-10-02 03:30:00,occ_001,0.0,occupancy
2025-10-02 03:45:00,temp_001,20.13,temperature
2025-10-02 03:45:00,lux_001,8.0,luminosity
2025-10-02 03:45:00,occ_001,0.0,occupancy
2025-10-02 04:00:00,temp_001,20.46,temperature
2025-10-02 04:00:00,lux_001,7.0,luminosity
2025-10-02 04:00:00,occ_001,0.0,occupancy
2025-10-02 04:15:00,temp_001,20.37,temperature
2025-10-02 04:15:00,lux_001,13.0,luminosity
2025-10-02 04:15:00,occ_001,0.0,occupancy
2025-10-02 04:30:00,temp_001,20.27,temperature
2025-10-02 04:30:00,lux_001,8.0,luminosity
2025-10-02 04:30:00,occ_001,0.0,occupancy
2025-10-02 04:45:00,temp_001,21.04,temperature
2025-10-02 04:45:00,lux_001,9.0,luminosity
2025-10-02 04:45:00,occ_001,0.0,occupancy
2025-10-02 05:00:00,temp_001,20.33,temperature
2025-10-02 05:00:00,lux_001,15.0,luminosity
2025-10-02 05:00:00,occ_001,0.0,occupancy
2025-10-02 05:15:00,temp_001,21.75,temperature
2025-10-02 05:15:00,lux_001,8.0,luminosity
2025-10-02 05:15:00,occ_001,0.0,occupancy
2025-10-02 05:30:00,temp_001,20.02,temperature
2025-10-02 05:30:00,lux_001,17.0,luminosity
2025-10-02 05:30:00,occ_001,0.0,occupancy
2025-10-02 05:45:00,temp_001,20.46,temperature
2025-10-02 05:45:00,lux_001,6.0,luminosity
2025-10-02 05:45:00,occ_001,0.0,occupancy
2025-10-02 06:00:00,temp_001,20.98,temperature
2025-10-02 06:00:00,lux_001,436.0,luminosity
2025-10-02 06:00:00,occ_001,0.0,occupancy
2025-10-02 06:15:00,temp_001,20.79,temperature
2025-10-02 06:15:00,lux_001,525.0,luminosity
2025-10-02 06:15:00,occ_001,0.0,occupancy
2025-10-02 06:30:00,temp_001,21.07,temperature
2025-10-02 06:30:00,lux_001,472.0,luminosity
2025-10-02 06:30:00,occ_001,0.0,occupancy
2025-10-02 06:45:00,temp_001,20.7,temperature
2025-10-02 06:45:00,lux_001,447.0,luminosity
2025-10-02 06:45:00,occ_001,0.0,occupancy
2025-10-02 07:00:00,temp_001,21.75,temperature
2025-10-02 07:00:00,lux_001,615.0,luminosity
2025-10-02 07:00:00,occ_001,0.0,occupancy
2025-10-02 07:15:00,temp_001,21.39,temperature
2025-10-02 07:15:00,lux_001,432.0,luminosity
2025-10-02 07:15:00,occ_001,0.0,occupancy
2025-10-02 07:30:00,temp_001,20.78,temperature
2025-10-02 07:30:00,lux_001,470.0,luminosity
2025-10-02 07:30:00,occ_001,0.0,occupancy
2025-10-02 07:45:00,temp_001,22.02,temperature
2025-10-02 07:45:00,lux_001,361.0,luminosity
2025-10-02 07:45:00,occ_001,0.0,occupancy
2025-10-02 08:00:00,temp_001,21.79,temperature
2025-10-02 08:00:00,lux_001,633.0,luminosity
2025-10-02 08:00:00,occ_001,1.0,occupancy
2025-10-02 08:15:00,temp_001,21.83,temperature
2025-10-02 08:15:00,lux_001,549.0,luminosity
2025-10-02 08:15:00,occ_001,0.0,occupancy
2025-10-02 08:30:00,temp_001,22.05,temperature
2025-10-02 08:30:00,lux_001,487.0,luminosity
2025-10-02 08:30:00,occ_001,1.0,occupancy
2025-10-02 08:45:00,temp_001,21.76,temperature
2025-10-02 08:45:00,lux_001,544.0,luminosity
2025-10-02 08:45:00,occ_001,1.0,occupancy
2025-10-02 09:00:00,temp_001,22.78,temperature
2025-10-02 09:00:00,lux_001,459.0,luminosity
2025-10-02 09:00:00,occ_001,1.0,occupancy
2025-10-02 09:15:00,temp_001,22.12,temperature
2025-10-02 09:15:00,lux_001,337.0,luminosity
2025-10-02 09:15:00,occ_001,1.0,occupancy
2025-10-02 09:30:00,temp_001,22.08,temperature
2025-10-02 09:30:00,lux_001,352.0,luminosity
2025-10-02 09:30:00,occ_001,1.0,occupancy
2025-10-02 09:45:00,temp_001,22.72,temperature
2025-10-02 09:45:00,lux_001,591.0,luminosity
2025-10-02 09:45:00,occ_001,1.0,occupancy
2025-10-02 10:00:00,temp_001,23.93,temperature
2025-10-02 10:00:00,lux_001,676.0,luminosity
2025-10-02 10:00:00,occ_001,1.0,occupancy
2025-10-02 10:15:00,temp_001,22.52,temperature
2025-10-02 10:15:00,lux_001,583.0,luminosity
2025-10-02 10:15:00,occ_001,1.0,occupancy
2025-10-02 10:30:00,temp_001,23.11,temperature
2025-10-02 10:30:00,lux_001,505.0,luminosity
2025-10-02 10:30:00,occ_001,1.0,occupancy
2025-10-02 10:45:00,temp_001,22.8,temperature
2025-10-02 10:45:00,lux_001,557.0,luminosity
2025-10-02 10:45:00,occ_001,1.0,occupancy
2025-10-02 11:00:00,temp_001,24.02,temperature
2025-10-02 11:00:00,lux_001,468.0,luminosity
2025-10-02 11:00:00,occ_001,1.0,occupancy
2025-10-02 11:15:00,temp_001,24.0,temperature
2025-10-02 11:15:00,lux_001,676.0,luminosity
2025-10-02 11:15:00,occ_001,1.0,occupancy
2025-10-02 11:30:00,temp_001,23.29,temperature
2025-10-02 11:30:00,lux_001,471.0,luminosity
2025-10-02 11:30:00,occ_001,1.0,occupancy
2025-10-02 11:45:00,temp_001,23.3,temperature
2025-10-02 11:45:00,lux_001,614.0,luminosity
2025-10-02 11:45:00,occ_001,0.0,occupancy
2025-10-02 12:00:00,temp_001,23.75,temperature
2025-10-02 12:00:00,lux_001,414.0,luminosity
2025-10-02 12:00:00,occ_001,1.0,occupancy
2025-10-02 12:15:00,temp_001,24.09,temperature
2025-10-02 12:15:00,lux_001,519.0,luminosity
2025-10-02 12:15:00,occ_001,1.0,occupancy
2025-10-02 12:30:00,temp_001,23.28,temperature
2025-10-02 12:30:00,lux_001,494.0,luminosity
2025-10-02 12:30:00,occ_001,1.0,occupancy
2025-10-02 12:45:00,temp_001,23.76,temperature
2025-10-02 12:45:00,lux_001,528.0,luminosity
2025-10-02 12:45:00,occ_001,1.0,occupancy
2025-10-02 13:00:00,temp_001,23.13,temperature
2025-10-02 13:00:00,lux_001,473.0,luminosity
2025-10-02 13:00:00,occ_001,1.0,occupancy
2025-10-02 13:15:00,temp_001,23.72,temperature
2025-10-02 13:15:00,lux_001,585.0,luminosity
2025-10-02 13:15:00,occ_001,1.0,occupancy
2025-10-02 13:30:00,temp_001,23.3,temperature
2025-10-02 13:30:00,lux_001,475.0,luminosity
2025-10-02 13:30:00,occ_001,1.0,occupancy
2025-10-02 13:45:00,temp_001,24.05,temperature
2025-10-02 13:45:00,lux_001,578.0,luminosity
2025-10-02 13:45:00,occ_001,0.0,occupancy
2025-10-02 14:00:00,temp_001,24.19,temperature
2025-10-02 14:00:00,lux_001,548.0,luminosity
2025-10-02 14:00:00,occ_001,1.0,occupancy
2025-10-02 14:15:00,temp_001,24.91,temperature
2025-10-02 14:15:00,lux_001,603.0,luminosity
2025-10-02 14:15:00,occ_001,0.0,occupancy
2025-10-02 14:30:00,temp_001,23.68,temperature
2025-10-02 14:30:00,lux_001,566.0,luminosity
2025-10-02 14:30:00,occ_001,0.0,occupancy
2025-10-02 14:45:00,temp_001,23.52,temperature
2025-10-02 14:45:00,lux_001,514.0,luminosity
2025-10-02 14:45:00,occ_001,1.0,occupancy
2025-10-02 15:00:00,temp_001,24.29,temperature
2025-10-02 15:00:00,lux_001,637.0,luminosity
2025-10-02 15:00:00,occ_001,0.0,occupancy
2025-10-02 15:15:00,temp_001,23.45,temperature
2025-10-02 15:15:00,lux_001,375.0,luminosity
2025-10-02 15:15:00,occ_001,1.0,occupancy
2025-10-02 15:30:00,temp_001,24.45,temperature
2025-10-02 15:30:00,lux_001,432.0,luminosity
2025-10-02 15:30:00,occ_001,1.0,occupancy
2025-10-02 15:45:00,temp_001,24.17,temperature
2025-10-02 15:45:00,lux_001,557.0,luminosity
2025-10-02 15:45:00,occ_001,1.0,occupancy
2025-10-02 16:00:00,temp_001,23.32,temperature
2025-10-02 16:00:00,lux_001,359.0,luminosity
2025-10-02 16:00:00,occ_001,1.0,occupancy
2025-10-02 16:15:00,temp_001,23.52,temperature
2025-10-02 16:15:00,lux_001,577.0,luminosity
2025-10-02 16:15:00,occ_001,0.0,occupancy
2025-10-02 16:30:00,temp_001,24.22,temperature
2025-10-02 16:30:00,lux_001,548.0,luminosity
2025-10-02 16:30:00,occ_001,1.0,occupancy
2025-10-02 16:45:00,temp_001,23.74,temperature
2025-10-02 16:45:00,lux_001,447.0,luminosity
2025-10-02 16:45:00,occ_001,1.0,occupancy
2025-10-02 17:00:00,temp_001,23.51,temperature
2025-10-02 17:00:00,lux_001,498.0,luminosity
2025-10-02 17:00:00,occ_001,1.0,occupancy
2025-10-02 17:15:00,temp_001,23.36,temperature
2025-10-02 17:15:00,lux_001,344.0,luminosity
2025-10-02 17:15:00,occ_001,1.0,occupancy
2025-10-02 17:30:00,temp_001,23.93,temperature
2025-10-02 17:30:00,lux_001,381.0,luminosity
2025-10-02 17:30:00,occ_001,1.0,occupancy
2025-10-02 17:45:00,temp_001,23.23,temperature
2025-10-02 17:45:00,lux_001,471.0,luminosity
2025-10-02 17:45:00,occ_001,1.0,occupancy
2025-10-02 18:00:00,temp_001,23.16,temperature
2025-10-02 18:00:00,lux_001,607.0,luminosity
2025-10-02 18:00:00,occ_001,0.0,occupancy
2025-10-02 18:15:00,temp_001,22.96,temperature
2025-10-02 18:15:00,lux_001,455.0,luminosity
2025-10-02 18:15:00,occ_001,0.0,occupancy
2025-10-02 18:30:00,temp_001,23.29,temperature
2025-10-02 18:30:00,lux_001,392.0,luminosity
2025-10-02 18:30:00,occ_001,0.0,occupancy
2025-10-02 18:45:00,temp_001,22.69,temperature
2025-10-02 18:45:00,lux_001,444.0,luminosity
2025-10-02 18:45:00,occ_001,1.0,occupancy
2025-10-02 19:00:00,temp_001,23.71,temperature
2025-10-02 19:00:00,lux_001,14.0,luminosity
2025-10-02 19:00:00,occ_001,0.0,occupancy
2025-10-02 19:15:00,temp_001,21.58,temperature
2025-10-02 19:15:00,lux_001,5.0,luminosity
2025-10-02 19:15:00,occ_001,0.0,occupancy
2025-10-02 19:30:00,temp_001,22.95,temperature
2025-10-02 19:30:00,lux_001,7.0,luminosity
2025-10-02 19:30:00,occ_001,1.0,occupancy
2025-10-02 19:45:00,temp_001,22.92,temperature
2025-10-02 19:45:00,lux_001,6.0,luminosity
2025-10-02 19:45:00,occ_001,0.0,occupancy
2025-10-02 20:00:00,temp_001,21.95,temperature
2025-10-02 20:00:00,lux_001,9.0,luminosity
2025-10-02 20:00:00,occ_001,0.0,occupancy
2025-10-02 20:15:00,temp_001,22.32,temperature
2025-10-02 20:15:00,lux_001,17.0,luminosity
2025-10-02 20:15:00,occ_001,0.0,occupancy
2025-10-02 20:30:00,temp_001,22.28,temperature
2025-10-02 20:30:00,lux_001,10.0,luminosity
2025-10-02 20:30:00,occ_001,0.0,occupancy
2025-10-02 20:45:00,temp_001,21.41,temperature
2025-10-02 20:45:00,lux_001,3.0,luminosity
2025-10-02 20:45:00,occ_001,0.0,occupancy
2025-10-02 21:00:00,temp_001,21.82,temperature
2025-10-02 21:00:00,lux_001,7.0,luminosity
2025-10-02 21:00:00,occ_001,0.0,occupancy
2025-10-02 21:15:00,temp_001,21.97,temperature
2025-10-02 21:15:00,lux_001,17.0,luminosity
2025-10-02 21:15:00,occ_001,0.0,occupancy
2025-10-02 21:30:00,temp_001,21.65,temperature
2025-10-02 21:30:00,lux_001,8.0,luminosity
2025-10-02 21:30:00,occ_001,0.0,occupancy
2025-10-02 21:45:00,temp_001,21.18,temperature
2025-10-02 21:45:00,lux_001,13.0,luminosity
2025-10-02 21:45:00,occ_001,0.0,occupancy
2025-10-02 22:00:00,temp_001,21.99,temperature
2025-10-02 22:00:00,lux_001,3.0,luminosity
2025-10-02 22:00:00,occ_001,0.0,occupancy
2025-10-02 22:15:00,temp_001,20.54,temperature
2025-10-02 22:15:00,lux_001,13.0,luminosity
2025-10-02 22:15:00,occ_001,0.0,occupancy
2025-10-02 22:30:00,temp_001,21.34,temperature
2025-10-02 22:30:00,lux_001,5.0,luminosity
2025-10-02 22:30:00,occ_001,0.0,occupancy
2025-10-02 22:45:00,temp_001,21.74,temperature
2025-10-02 22:45:00,lux_001,9.0,luminosity
2025-10-02 22:45:00,occ_001,0.0,occupancy
2025-10-02 23:00:00,temp_001,20.83,temperature
2025-10-02 23:00:00,lux_001,9.0,luminosity
2025-10-02 23:00:00,occ_001,0.0,occupancy
2025-10-02 23:15:00,temp_001,21.21,temperature
2025-10-02 23:15:00,lux_001,8.0,luminosity
2025-10-02 23:15:00,occ_001,0.0,occupancy
2025-10-02 23:30:00,temp_001,20.63,temperature
2025-10-02 23:30:00,lux_001,2.0,luminosity
2025-10-02 23:30:00,occ_001,0.0,occupancy
2025-10-02 23:45:00,temp_001,20.12,temperature
2025-10-02 23:45:00,lux_001,14.0,luminosity
2025-10-02 23:45:00,occ_001,0.0,occupancy
2025-10-03 00:00:00,temp_001,19.95,temperature
2025-10-03 00:00:00,lux_001,9.0,luminosity
2025-10-03 00:00:00,occ_001,1.0,occupancy
2025-10-03 00:15:00,temp_001,20.73,temperature
2025-10-03 00:15:00,lux_001,11.0,luminosity
2025-10-03 00:15:00,occ_001,0.0,occupancy
2025-10-03 00:30:00,temp_001,19.72,temperature
2025-10-03 00:30:00,lux_001,17.0,luminosity
2025-10-03 00:30:00,occ_001,0.0,occupancy
2025-10-03 00:45:00,temp_001,19.59,temperature
2025-10-03 00:45:00,lux_001,8.0,luminosity
2025-10-03 00:45:00,occ_001,0.0,occupancy
2025-10-03 01:00:00,temp_001,19.69,temperature
2025-10-03 01:00:00,lux_001,10.0,luminosity
2025-10-03 01:00:00,occ_001,0.0,occupancy
2025-10-03 01:15:00,temp_001,20.74,temperature
2025-10-03 01:15:00,lux_001,1.0,luminosity
2025-10-03 01:15:00,occ_001,0.0,occupancy
2025-10-03 01:30:00,temp_001,20.35,temperature
2025-10-03 01:30:00,lux_001,6.0,luminosity
2025-10-03 01:30:00,occ_001,1.0,occupancy
2025-10-03 01:45:00,temp_001,20.44,temperature
2025-10-03 01:45:00,lux_001,10.0,luminosity
2025-10-03 01:45:00,occ_001,0.0,occupancy
2025-10-03 02:00:00,temp_001,20.06,temperature
2025-10-03 02:00:00,lux_001,12.0,luminosity
2025-10-03 02:00:00,occ_001,0.0,occupancy
2025-10-03 02:15:00,temp_001,19.76,temperature
2025-10-03 02:15:00,lux_001,8.0,luminosity
2025-10-03 02:15:00,occ_001,0.0,occupancy
2025-10-03 02:30:00,temp_001,20.55,temperature
2025-10-03 02:30:00,lux_001,11.0,luminosity
2025-10-03 02:30:00,occ_001,0.0,occupancy
2025-10-03 02:45:00,temp_001,19.89,temperature
2025-10-03 02:45:00,lux_001,3.0,luminosity
2025-10-03 02:45:00,occ_001,0.0,occupancy
2025-10-03 03:00:00,temp_001,20.12,temperature
2025-10-03 03:00:00,lux_001,7.0,luminosity
2025-10-03 03:00:00,occ_001,0.0,occupancy
2025-10-03 03:15:00,temp_001,19.48,temperature
2025-10-03 03:15:00,lux_001,3.0,luminosity
2025-10-03 03:15:00,occ_001,0.0,occupancy
2025-10-03 03:30:00,temp_001,20.97,temperature
2025-10-03 03:30:00,lux_001,5.0,luminosity
2025-10-03 03:30:00,occ_001,0.0,occupancy
2025-10-03 03:45:00,temp_001,19.93,temperature
2025-10-03 03:45:00,lux_001,12.0,luminosity
2025-10-03 03:45:00,occ_001,0.0,occupancy
2025-10-03 04:00:00,temp_001,20.76,temperature
2025-10-03 04:00:00,lux_001,15.0,luminosity
2025-10-03 04:00:00,occ_001,0.0,occupancy
2025-10-03 04:15:00,temp_001,20.47,temperature
2025-10-03 04:15:00,lux_001,16.0,luminosity
2025-10-03 04:15:00,occ_001,0.0,occupancy
2025-10-03 04:30:00,temp_001,20.26,temperature
2025-10-03 04:30:00,lux_001,3.0,luminosity
2025-10-03 04:30:00,occ_001,0.0,occupancy
2025-10-03 04:45:00,temp_001,20.79,temperature
2025-10-03 04:45:00,lux_001,18.0,luminosity
2025-10-03 04:45:00,occ_001,1.0,occupancy
2025-10-03 05:00:00,temp_001,20.38,temperature
2025-10-03 05:00:00,lux_001,8.0,luminosity
2025-10-03 05:00:00,occ_001,0.0,occupancy
2025-10-03 05:15:00,temp_001,20.84,temperature
2025-10-03 05:15:00,lux_001,15.0,luminosity
2025-10-03 05:15:00,occ_001,0.0,occupancy
2025-10-03 05:30:00,temp_001,20.44,temperature
2025-10-03 05:30:00,lux_001,14.0,luminosity
2025-10-03 05:30:00,occ_001,0.0,occupancy
2025-10-03 05:45:00,temp_001,21.38,temperature
2025-10-03 05:45:00,lux_001,4.0,luminosity
2025-10-03 05:45:00,occ_001,0.0,occupancy
2025-10-03 06:00:00,temp_001,21.05,temperature
2025-10-03 06:00:00,lux_001,532.0,luminosity
2025-10-03 06:00:00,occ_001,0.0,occupancy
2025-10-03 06:15:00,temp_001,20.66,temperature
2025-10-03 06:15:00,lux_001,639.0,luminosity
2025-10-03 06:15:00,occ_001,0.0,occupancy
2025-10-03 06:30:00,temp_001,20.64,temperature
2025-10-03 06:30:00,lux_001,521.0,luminosity
2025-10-03 06:30:00,occ_001,0.0,occupancy
2025-10-03 06:45:00,temp_001,21.77,temperature
2025-10-03 06:45:00,lux_001,577.0,luminosity
2025-10-03 06:45:00,occ_001,0.0,occupancy
2025-10-03 07:00:00,temp_001,21.77,temperature
2025-10-03 07:00:00,lux_001,492.0,luminosity
2025-10-03 07:00:00,occ_001,0.0,occupancy
2025-10-03 07:15:00,temp_001,21.21,temperature
2025-10-03 07:15:00,lux_001,602.0,luminosity
2025-10-03 07:15:00,occ_001,0.0,occupancy
2025-10-03 07:30:00,temp_001,20.99,temperature
2025-10-03 07:30:00,lux_001,483.0,luminosity
2025-10-03 07:30:00,occ_001,0.0,occupancy
2025-10-03 07:45:00,temp_001,22.11,temperature
2025-10-03 07:45:00,lux_001,250.0,luminosity
2025-10-03 07:45:00,occ_001,0.0,occupancy
2025-10-03 08:00:00,temp_001,21.87,temperature
2025-10-03 08:00:00,lux_001,518.0,luminosity
2025-10-03 08:00:00,occ_001,1.0,occupancy
2025-10-03 08:15:00,temp_001,22.07,temperature
2025-10-03 08:15:00,lux_001,433.0,luminosity
2025-10-03 08:15:00,occ_001,1.0,occupancy
2025-10-03 08:30:00,temp_001,22.82,temperature
2025-10-03 08:30:00,lux_001,491.0,luminosity
2025-10-03 08:30:00,occ_001,1.0,occupancy
2025-10-03 08:45:00,temp_001,22.13,temperature
2025-10-03 08:45:00,lux_001,665.0,luminosity
2025-10-03 08:45:00,occ_001,1.0,occupancy
2025-10-03 09:00:00,temp_001,23.15,temperature
2025-10-03 09:00:00,lux_001,595.0,luminosity
2025-10-03 09:00:00,occ_001,1.0,occupancy
2025-10-03 09:15:00,temp_001,22.08,temperature
2025-10-03 09:15:00,lux_001,518.0,luminosity
2025-10-03 09:15:00,occ_001,0.0,occupancy
2025-10-03 09:30:00,temp_001,22.28,temperature
2025-10-03 09:30:00,lux_001,430.0,luminosity
2025-10-03 09:30:00,occ_001,1.0,occupancy
2025-10-03 09:45:00,temp_001,22.62,temperature
2025-10-03 09:45:00,lux_001,471.0,luminosity
2025-10-03 09:45:00,occ_001,1.0,occupancy
2025-10-03 10:00:00,temp_001,22.71,temperature
2025-10-03 10:00:00,lux_001,451.0,luminosity
2025-10-03 10:00:00,occ_001,1.0,occupancy
2025-10-03 10:15:00,temp_001,23.38,temperature
2025-10-03 10:15:00,lux_001,725.0,luminosity
2025-10-03 10:15:00,occ_001,1.0,occupancy
2025-10-03 10:30:00,temp_001,23.26,temperature
2025-10-03 10:30:00,lux_001,547.0,luminosity
2025-10-03 10:30:00,occ_001,1.0,occupancy
2025-10-03 10:45:00,temp_001,23.55,temperature
2025-10-03 10:45:00,lux_001,648.0,luminosity
2025-10-03 10:45:00,occ_001,1.0,occupancy
2025-10-03 11:00:00,temp_001,23.55,temperature
2025-10-03 11:00:00,lux_001,495.0,luminosity
2025-10-03 11:00:00,occ_001,1.0,occupancy
2025-10-03 11:15:00,temp_001,23.68,temperature
2025-10-03 11:15:00,lux_001,697.0,luminosity
2025-10-03 11:15:00,occ_001,1.0,occupancy
2025-10-03 11:30:00,temp_001,23.53,temperature
2025-10-03 11:30:00,lux_001,688.0,luminosity
2025-10-03 11:30:00,occ_001,0.0,occupancy
2025-10-03 11:45:00,temp_001,23.03,temperature
2025-10-03 11:45:00,lux_001,442.0,luminosity
2025-10-03 11:45:00,occ_001,0.0,occupancy
2025-10-03 12:00:00,temp_001,24.05,temperature
2025-10-03 12:00:00,lux_001,492.0,luminosity
2025-10-03 12:00:00,occ_001,0.0,occupancy
2025-10-03 12:15:00,temp_001,23.24,temperature
2025-10-03 12:15:00,lux_001,518.0,luminosity
2025-10-03 12:15:00,occ_001,1.0,occupancy
2025-10-03 12:30:00,temp_001,24.17,temperature
2025-10-03 12:30:00,lux_001,495.0,luminosity
2025-10-03 12:30:00,occ_001,1.0,occupancy
2025-10-03 12:45:00,temp_001,23.15,temperature
2025-10-03 12:45:00,lux_001,544.0,luminosity
2025-10-03 12:45:00,occ_001,1.0,occupancy
2025-10-03 13:00:00,temp_001,24.34,temperature
2025-10-03 13:00:00,lux_001,464.0,luminosity
2025-10-03 13:00:00,occ_001,0.0,occupancy
2025-10-03 13:15:00,temp_001,24.94,temperature
2025-10-03 13:15:00,lux_001,746.0,luminosity
2025-10-03 13:15:00,occ_001,0.0,occupancy
2025-10-03 13:30:00,temp_001,23.64,temperature
2025-10-03 13:30:00,lux_001,599.0,luminosity
2025-10-03 13:30:00,occ_001,1.0,occupancy
2025-10-03 13:45:00,temp_001,23.35,temperature
2025-10-03 13:45:00,lux_001,481.0,luminosity
2025-10-03 13:45:00,occ_001,1.0,occupancy
2025-10-03 14:00:00,temp_001,23.71,temperature
2025-10-03 14:00:00,lux_001,664.0,luminosity
2025-10-03 14:00:00,occ_001,1.0,occupancy
2025-10-03 14:15:00,temp_001,23.62,temperature
2025-10-03 14:15:00,lux_001,399.0,luminosity
2025-10-03 14:15:00,occ_001,1.0,occupancy
2025-10-03 14:30:00,temp_001,24.26,temperature
2025-10-03 14:30:00,lux_001,472.0,luminosity
2025-10-03 14:30:00,occ_001,1.0,occupancy
2025-10-03 14:45:00,temp_001,24.7,temperature
2025-10-03 14:45:00,lux_001,505.0,luminosity
2025-10-03 14:45:00,occ_001,0.0,occupancy
2025-10-03 15:00:00,temp_001,24.09,temperature
2025-10-03 15:00:00,lux_001,713.0,luminosity
2025-10-03 15:00:00,occ_001,1.0,occupancy
2025-10-03 15:15:00,temp_001,24.03,temperature
2025-10-03 15:15:00,lux_001,565.0,luminosity
2025-10-03 15:15:00,occ_001,1.0,occupancy
2025-10-03 15:30:00,temp_001,23.32,temperature
2025-10-03 15:30:00,lux_001,523.0,luminosity
2025-10-03 15:30:00,occ_001,0.0,occupancy
2025-10-03 15:45:00,temp_001,24.01,temperature
2025-10-03 15:45:00,lux_001,462.0,luminosity
2025-10-03 15:45:00,occ_001,1.0,occupancy
2025-10-03 16:00:00,temp_001,23.66,temperature
2025-10-03 16:00:00,lux_001,535.0,luminosity
2025-10-03 16:00:00,occ_001,1.0,occupancy
2025-10-03 16:15:00,temp_001,22.98,temperature
2025-10-03 16:15:00,lux_001,483.0,luminosity
2025-10-03 16:15:00,occ_001,1.0,occupancy
2025-10-03 16:30:00,temp_001,23.36,temperature
2025-10-03 16:30:00,lux_001,450.0,luminosity
2025-10-03 16:30:00,occ_001,1.0,occupancy
2025-10-03 16:45:00,temp_001,23.7,temperature
2025-10-03 16:45:00,lux_001,607.0,luminosity
2025-10-03 16:45:00,occ_001,1.0,occupancy
2025-10-03 17:00:00,temp_001,23.59,temperature
2025-10-03 17:00:00,lux_001,382.0,luminosity
2025-10-03 17:00:00,occ_001,1.0,occupancy
2025-10-03 17:15:00,temp_001,23.54,temperature
2025-10-03 17:15:00,lux_001,516.0,luminosity
2025-10-03 17:15:00,occ_001,1.0,occupancy
2025-10-03 17:30:00,temp_001,22.33,temperature
2025-10-03 17:30:00,lux_001,469.0,luminosity
2025-10-03 17:30:00,occ_001,0.0,occupancy
2025-10-03 17:45:00,temp_001,22.77,temperature
2025-10-03 17:45:00,lux_001,490.0,luminosity
2025-10-03 17:45:00,occ_001,1.0,occupancy
2025-10-03 18:00:00,temp_001,23.12,temperature
2025-10-03 18:00:00,lux_001,555.0,luminosity
2025-10-03 18:00:00,occ_001,0.0,occupancy
2025-10-03 18:15:00,temp_001,23.01,temperature
2025-10-03 18:15:00,lux_001,532.0,luminosity
2025-10-03 18:15:00,occ_001,0.0,occupancy
2025-10-03 18:30:00,temp_001,23.07,temperature
2025-10-03 18:30:00,lux_001,495.0,luminosity
2025-10-03 18:30:00,occ_001,0.0,occupancy
2025-10-03 18:45:00,temp_001,21.7,temperature
2025-10-03 18:45:00,lux_001,386.0,luminosity
2025-10-03 18:45:00,occ_001,0.0,occupancy
2025-10-03 19:00:00,temp_001,22.81,temperature
2025-10-03 19:00:00,lux_001,3.0,luminosity
2025-10-03 19:00:00,occ_001,0.0,occupancy
2025-10-03 19:15:00,temp_001,22.18,temperature
2025-10-03 19:15:00,lux_001,12.0,luminosity
2025-10-03 19:15:00,occ_001,0.0,occupancy
2025-10-03 19:30:00,temp_001,22.15,temperature
2025-10-03 19:30:00,lux_001,6.0,luminosity
2025-10-03 19:30:00,occ_001,1.0,occupancy
2025-10-03 19:45:00,temp_001,21.97,temperature
2025-10-03 19:45:00,lux_001,6.0,luminosity
2025-10-03 19:45:00,occ_001,0.0,occupancy
2025-10-03 20:00:00,temp_001,22.32,temperature
2025-10-03 20:00:00,lux_001,3.0,luminosity
2025-10-03 20:00:00,occ_001,0.0,occupancy
2025-10-03 20:15:00,temp_001,22.23,temperature
2025-10-03 20:15:00,lux_001,13.0,luminosity
2025-10-03 20:15:00,occ_001,0.0,occupancy
2025-10-03 20:30:00,temp_001,21.96,temperature
2025-10-03 20:30:00,lux_001,15.0,luminosity
2025-10-03 20:30:00,occ_001,0.0,occupancy
2025-10-03 20:45:00,temp_001,21.66,temperature
2025-10-03 20:45:00,lux_001,11.0,luminosity
2025-10-03 20:45:00,occ_001,0.0,occupancy
2025-10-03 21:00:00,temp_001,21.33,temperature
2025-10-03 21:00:00,lux_001,6.0,luminosity
2025-10-03 21:00:00,occ_001,0.0,occupancy
2025-10-03 21:15:00,temp_001,20.85,temperature
2025-10-03 21:15:00,lux_001,11.0,luminosity
2025-10-03 21:15:00,occ_001,0.0,occupancy
2025-10-03 21:30:00,temp_001,21.15,temperature
2025-10-03 21:30:00,lux_001,4.0,luminosity
2025-10-03 21:30:00,occ_001,0.0,occupancy
2025-10-03 21:45:00,temp_001,21.12,temperature
2025-10-03 21:45:00,lux_001,5.0,luminosity
2025-10-03 21:45:00,occ_001,0.0,occupancy
2025-10-03 22:00:00,temp_001,20.96,temperature
2025-10-03 22:00:00,lux_001,14.0,luminosity
2025-10-03 22:00:00,occ_001,0.0,occupancy
2025-10-03 22:15:00,temp_001,19.55,temperature
2025-10-03 22:15:00,lux_001,14.0,luminosity
2025-10-03 22:15:00,occ_001,0.0,occupancy
2025-10-03 22:30:00,temp_001,21.17,temperature
2025-10-03 22:30:00,lux_001,3.0,luminosity
2025-10-03 22:30:00,occ_001,0.0,occupancy
2025-10-03 22:45:00,temp_001,21.48,temperature
2025-10-03 22:45:00,lux_001,11.0,luminosity
2025-10-03 22:45:00,occ_001,0.0,occupancy
2025-10-03 23:00:00,temp_001,20.72,temperature
2025-10-03 23:00:00,lux_001,5.0,luminosity
2025-10-03 23:00:00,occ_001,0.0,occupancy
2025-10-03 23:15:00,temp_001,20.92,temperature
2025-10-03 23:15:00,lux_001,13.0,luminosity
2025-10-03 23:15:00,occ_001,0.0,occupancy
2025-10-03 23:30:00,temp_001,19.81,temperature
2025-10-03 23:30:00,lux_001,12.0,luminosity
2025-10-03 23:30:00,occ_001,0.0,occupancy
2025-10-03 23:45:00,temp_001,19.69,temperature
2025-10-03 23:45:00,lux_001,12.0,luminosity
2025-10-03 23:45:00,occ_001,0.0,occupancy
2025-10-04 00:00:00,temp_001,20.89,temperature
2025-10-04 00:00:00,lux_001,13.0,luminosity
2025-10-04 00:00:00,occ_001,0.0,occupancy
2025-10-04 00:15:00,temp_001,20.73,temperature
2025-10-04 00:15:00,lux_001,5.0,luminosity
2025-10-04 00:15:00,occ_001,0.0,occupancy
2025-10-04 00:30:00,temp_001,19.33,temperature
2025-10-04 00:30:00,lux_001,7.0,luminosity
2025-10-04 00:30:00,occ_001,0.0,occupancy
2025-10-04 00:45:00,temp_001,19.28,temperature
2025-10-04 00:45:00,lux_001,13.0,luminosity
2025-10-04 00:45:00,occ_001,0.0,occupancy
2025-10-04 01:00:00,temp_001,18.96,temperature
2025-10-04 01:00:00,lux_001,10.0,luminosity
2025-10-04 01:00:00,occ_001,0.0,occupancy
2025-10-04 01:15:00,temp_001,20.68,temperature
2025-10-04 01:15:00,lux_001,0.0,luminosity
2025-10-04 01:15:00,occ_001,0.0,occupancy
2025-10-04 01:30:00,temp_001,20.41,temperature
2025-10-04 01:30:00,lux_001,4.0,luminosity
2025-10-04 01:30:00,occ_001,0.0,occupancy
2025-10-04 01:45:00,temp_001,20.23,temperature
2025-10-04 01:45:00,lux_001,14.0,luminosity
2025-10-04 01:45:00,occ_001,0.0,occupancy
2025-10-04 02:00:00,temp_001,19.17,temperature
2025-10-04 02:00:00,lux_001,9.0,luminosity
2025-10-04 02:00:00,occ_001,0.0,occupancy
2025-10-04 02:15:00,temp_001,19.73,temperature
2025-10-04 02:15:00,lux_001,5.0,luminosity
2025-10-04 02:15:00,occ_001,0.0,occupancy
2025-10-04 02:30:00,temp_001,21.19,temperature
2025-10-04 02:30:00,lux_001,15.0,luminosity
2025-10-04 02:30:00,occ_001,1.0,occupancy
2025-10-04 02:45:00,temp_001,20.42,temperature
2025-10-04 02:45:00,lux_001,9.0,luminosity
2025-10-04 02:45:00,occ_001,0.0,occupancy
2025-10-04 03:00:00,temp_001,20.5,temperature
2025-10-04 03:00:00,lux_001,0.0,luminosity
2025-10-04 03:00:00,occ_001,0.0,occupancy
2025-10-04 03:15:00,temp_001,20.36,temperature
2025-10-04 03:15:00,lux_001,15.0,luminosity
2025-10-04 03:15:00,occ_001,0.0,occupancy
2025-10-04 03:30:00,temp_001,20.17,temperature
2025-10-04 03:30:00,lux_001,5.0,luminosity
2025-10-04 03:30:00,occ_001,0.0,occupancy
2025-10-04 03:45:00,temp_001,19.66,temperature
2025-10-04 03:45:00,lux_001,9.0,luminosity
2025-10-04 03:45:00,occ_001,0.0,occupancy
2025-10-04 04:00:00,temp_001,19.73,temperature
2025-10-04 04:00:00,lux_001,6.0,luminosity
2025-10-04 04:00:00,occ_001,0.0,occupancy
2025-10-04 04:15:00,temp_001,21.08,temperature
2025-10-04 04:15:00,lux_001,8.0,luminosity
2025-10-04 04:15:00,occ_001,1.0,occupancy
2025-10-04 04:30:00,temp_001,20.54,temperature
2025-10-04 04:30:00,lux_001,15.0,luminosity
2025-10-04 04:30:00,occ_001,0.0,occupancy
2025-10-04 04:45:00,temp_001,20.24,temperature
2025-10-04 04:45:00,lux_001,14.0,luminosity
2025-10-04 04:45:00,occ_001,0.0,occupancy
2025-10-04 05:00:00,temp_001,20.76,temperature
2025-10-04 05:00:00,lux_001,10.0,luminosity
2025-10-04 05:00:00,occ_001,0.0,occupancy
2025-10-04 05:15:00,temp_001,20.77,temperature
2025-10-04 05:15:00,lux_001,16.0,luminosity
2025-10-04 05:15:00,occ_001,1.0,occupancy
2025-10-04 05:30:00,temp_001,20.46,temperature
2025-10-04 05:30:00,lux_001,19.0,luminosity
2025-10-04 05:30:00,occ_001,0.0,occupancy
2025-10-04 05:45:00,temp_001,20.64,temperature
2025-10-04 05:45:00,lux_001,11.0,luminosity
2025-10-04 05:45:00,occ_001,1.0,occupancy
2025-10-04 06:00:00,temp_001,20.76,temperature
2025-10-04 06:00:00,lux_001,381.0,luminosity
2025-10-04 06:00:00,occ_001,0.0,occupancy
2025-10-04 06:15:00,temp_001,20.86,temperature
2025-10-04 06:15:00,lux_001,524.0,luminosity
2025-10-04 06:15:00,occ_001,0.0,occupancy
2025-10-04 06:30:00,temp_001,21.45,temperature
2025-10-04 06:30:00,lux_001,558.0,luminosity
2025-10-04 06:30:00,occ_001,0.0,occupancy
2025-10-04 06:45:00,temp_001,21.28,temperature
2025-10-04 06:45:00,lux_001,648.0,luminosity
2025-10-04 06:45:00,occ_001,0.0,occupancy
2025-10-04 07:00:00,temp_001,21.18,temperature
2025-10-04 07:00:00,lux_001,451.0,luminosity
2025-10-04 07:00:00,occ_001,1.0,occupancy
2025-10-04 07:15:00,temp_001,21.89,temperature
2025-10-04 07:15:00,lux_001,531.0,luminosity
2025-10-04 07:15:00,occ_001,0.0,occupancy
2025-10-04 07:30:00,temp_001,21.13,temperature
2025-10-04 07:30:00,lux_001,441.0,luminosity
2025-10-04 07:30:00,occ_001,0.0,occupancy
2025-10-04 07:45:00,temp_001,22.05,temperature
2025-10-04 07:45:00,lux_001,429.0,luminosity
2025-10-04 07:45:00,occ_001,0.0,occupancy
2025-10-04 08:00:00,temp_001,22.32,temperature
2025-10-04 08:00:00,lux_001,551.0,luminosity
2025-10-04 08:00:00,occ_001,0.0,occupancy
2025-10-04 08:15:00,temp_001,22.35,temperature
2025-10-04 08:15:00,lux_001,497.0,luminosity
2025-10-04 08:15:00,occ_001,0.0,occupancy
2025-10-04 08:30:00,temp_001,21.55,temperature
2025-10-04 08:30:00,lux_001,567.0,luminosity
2025-10-04 08:30:00,occ_001,0.0,occupancy
2025-10-04 08:45:00,temp_001,21.68,temperature
2025-10-04 08:45:00,lux_001,489.0,luminosity
2025-10-04 08:45:00,occ_001,0.0,occupancy
2025-10-04 09:00:00,temp_001,22.08,temperature
2025-10-04 09:00:00,lux_001,376.0,luminosity
2025-10-04 09:00:00,occ_001,0.0,occupancy
2025-10-04 09:15:00,temp_001,22.71,temperature
2025-10-04 09:15:00,lux_001,472.0,luminosity
2025-10-04 09:15:00,occ_001,0.0,occupancy
2025-10-04 09:30:00,temp_001,22.24,temperature
2025-10-04 09:30:00,lux_001,431.0,luminosity
2025-10-04 09:30:00,occ_001,0.0,occupancy
2025-10-04 09:45:00,temp_001,22.84,temperature
2025-10-04 09:45:00,lux_001,569.0,luminosity
2025-10-04 09:45:00,occ_001,0.0,occupancy
2025-10-04 10:00:00,temp_001,23.0,temperature
2025-10-04 10:00:00,lux_001,559.0,luminosity
2025-10-04 10:00:00,occ_001,0.0,occupancy
2025-10-04 10:15:00,temp_001,23.11,temperature
2025-10-04 10:15:00,lux_001,473.0,luminosity
2025-10-04 10:15:00,occ_001,0.0,occupancy
2025-10-04 10:30:00,temp_001,23.15,temperature
2025-10-04 10:30:00,lux_001,415.0,luminosity
2025-10-04 10:30:00,occ_001,0.0,occupancy
2025-10-04 10:45:00,temp_001,23.61,temperature
2025-10-04 10:45:00,lux_001,374.0,luminosity
2025-10-04 10:45:00,occ_001,0.0,occupancy
2025-10-04 11:00:00,temp_001,23.8,temperature
2025-10-04 11:00:00,lux_001,436.0,luminosity
2025-10-04 11:00:00,occ_001,0.0,occupancy
2025-10-04 11:15:00,temp_001,22.83,temperature
2025-10-04 11:15:00,lux_001,342.0,luminosity
2025-10-04 11:15:00,occ_001,0.0,occupancy
2025-10-04 11:30:00,temp_001,23.09,temperature
2025-10-04 11:30:00,lux_001,516.0,luminosity
2025-10-04 11:30:00,occ_001,0.0,occupancy
2025-10-04 11:45:00,temp_001,24.0,temperature
2025-10-04 11:45:00,lux_001,593.0,luminosity
2025-10-04 11:45:00,occ_001,0.0,occupancy
2025-10-04 12:00:00,temp_001,24.73,temperature
2025-10-04 12:00:00,lux_001,590.0,luminosity
2025-10-04 12:00:00,occ_001,0.0,occupancy
2025-10-04 12:15:00,temp_001,23.24,temperature
2025-10-04 12:15:00,lux_001,278.0,luminosity
2025-10-04 12:15:00,occ_001,0.0,occupancy
2025-10-04 12:30:00,temp_001,23.67,temperature
2025-10-04 12:30:00,lux_001,473.0,luminosity
2025-10-04 12:30:00,occ_001,0.0,occupancy
2025-10-04 12:45:00,temp_001,24.36,temperature
2025-10-04 12:45:00,lux_001,696.0,luminosity
2025-10-04 12:45:00,occ_001,0.0,occupancy
2025-10-04 13:00:00,temp_001,24.78,temperature
2025-10-04 13:00:00,lux_001,466.0,luminosity
2025-10-04 13:00:00,occ_001,0.0,occupancy
2025-10-04 13:15:00,temp_001,23.96,temperature
2025-10-04 13:15:00,lux_001,257.0,luminosity
2025-10-04 13:15:00,occ_001,0.0,occupancy
2025-10-04 13:30:00,temp_001,24.06,temperature
2025-10-04 13:30:00,lux_001,511.0,luminosity
2025-10-04 13:30:00,occ_001,0.0,occupancy
2025-10-04 13:45:00,temp_001,24.07,temperature
2025-10-04 13:45:00,lux_001,388.0,luminosity
2025-10-04 13:45:00,occ_001,0.0,occupancy
2025-10-04 14:00:00,temp_001,23.41,temperature
2025-10-04 14:00:00,lux_001,572.0,luminosity
2025-10-04 14:00:00,occ_001,0.0,occupancy
2025-10-04 14:15:00,temp_001,24.15,temperature
2025-10-04 14:15:00,lux_001,574.0,luminosity
2025-10-04 14:15:00,occ_001,0.0,occupancy
2025-10-04 14:30:00,temp_001,24.94,temperature
2025-10-04 14:30:00,lux_001,366.0,luminosity
2025-10-04 14:30:00,occ_001,0.0,occupancy
2025-10-04 14:45:00,temp_001,23.78,temperature
2025-10-04 14:45:00,lux_001,569.0,luminosity
2025-10-04 14:45:00,occ_001,0.0,occupancy
2025-10-04 15:00:00,temp_001,23.9,temperature
2025-10-04 15:00:00,lux_001,384.0,luminosity
2025-10-04 15:00:00,occ_001,0.0,occupancy
2025-10-04 15:15:00,temp_001,23.61,temperature
2025-10-04 15:15:00,lux_001,320.0,luminosity
2025-10-04 15:15:00,occ_001,0.0,occupancy
2025-10-04 15:30:00,temp_001,23.94,temperature
2025-10-04 15:30:00,lux_001,292.0,luminosity
2025-10-04 15:30:00,occ_001,0.0,occupancy
2025-10-04 15:45:00,temp_001,24.14,temperature
2025-10-04 15:45:00,lux_001,544.0,luminosity
2025-10-04 15:45:00,occ_001,0.0,occupancy
2025-10-04 16:00:00,temp_001,23.14,temperature
2025-10-04 16:00:00,lux_001,501.0,luminosity
2025-10-04 16:00:00,occ_001,0.0,occupancy
2025-10-04 16:15:00,temp_001,23.49,temperature
2025-10-04 16:15:00,lux_001,442.0,luminosity
2025-10-04 16:15:00,occ_001,0.0,occupancy
2025-10-04 16:30:00,temp_001,23.1,temperature
2025-10-04 16:30:00,lux_001,686.0,luminosity
2025-10-04 16:30:00,occ_001,0.0,occupancy
2025-10-04 16:45:00,temp_001,23.35,temperature
2025-10-04 16:45:00,lux_001,515.0,luminosity
2025-10-04 16:45:00,occ_001,0.0,occupancy
2025-10-04 17:00:00,temp_001,22.59,temperature
2025-10-04 17:00:00,lux_001,488.0,luminosity
2025-10-04 17:00:00,occ_001,0.0,occupancy
2025-10-04 17:15:00,temp_001,22.83,temperature
2025-10-04 17:15:00,lux_001,377.0,luminosity
2025-10-04 17:15:00,occ_001,1.0,occupancy
2025-10-04 17:30:00,temp_001,23.39,temperature
2025-10-04 17:30:00,lux_001,578.0,luminosity
2025-10-04 17:30:00,occ_001,0.0,occupancy
2025-10-04 17:45:00,temp_001,22.75,temperature
2025-10-04 17:45:00,lux_001,560.0,luminosity
2025-10-04 17:45:00,occ_001,1.0,occupancy
2025-10-04 18:00:00,temp_001,22.26,temperature
2025-10-04 18:00:00,lux_001,579.0,luminosity
2025-10-04 18:00:00,occ_001,0.0,occupancy
2025-10-04 18:15:00,temp_001,22.22,temperature
2025-10-04 18:15:00,lux_001,452.0,luminosity
2025-10-04 18:15:00,occ_001,1.0,occupancy
2025-10-04 18:30:00,temp_001,23.62,temperature
2025-10-04 18:30:00,lux_001,685.0,luminosity
2025-10-04 18:30:00,occ_001,0.0,occupancy
2025-10-04 18:45:00,temp_001,23.69,temperature
2025-10-04 18:45:00,lux_001,532.0,luminosity
2025-10-04 18:45:00,occ_001,0.0,occupancy
2025-10-04 19:00:00,temp_001,21.5,temperature
2025-10-04 19:00:00,lux_001,6.0,luminosity
2025-10-04 19:00:00,occ_001,0.0,occupancy
2025-10-04 19:15:00,temp_001,22.39,temperature
2025-10-04 19:15:00,lux_001,0.0,luminosity
2025-10-04 19:15:00,occ_001,0.0,occupancy
2025-10-04 19:30:00,temp_001,22.21,temperature
2025-10-04 19:30:00,lux_001,13.0,luminosity
2025-10-04 19:30:00,occ_001,0.0,occupancy
2025-10-04 19:45:00,temp_001,22.07,temperature
2025-10-04 19:45:00,lux_001,0.0,luminosity
2025-10-04 19:45:00,occ_001,0.0,occupancy
2025-10-04 20:00:00,temp_001,21.24,temperature
2025-10-04 20:00:00,lux_001,11.0,luminosity
2025-10-04 20:00:00,occ_001,0.0,occupancy
2025-10-04 20:15:00,temp_001,21.49,temperature
2025-10-04 20:15:00,lux_001,2.0,luminosity
2025-10-04 20:15:00,occ_001,0.0,occupancy
2025-10-04 20:30:00,temp_001,22.27,temperature
2025-10-04 20:30:00,lux_001,9.0,luminosity
2025-10-04 20:30:00,occ_001,0.0,occupancy
2025-10-04 20:45:00,temp_001,22.49,temperature
2025-10-04 20:45:00,lux_001,14.0,luminosity
2025-10-04 20:45:00,occ_001,0.0,occupancy
2025-10-04 21:00:00,temp_001,21.72,temperature
2025-10-04 21:00:00,lux_001,11.0,luminosity
2025-10-04 21:00:00,occ_001,0.0,occupancy
2025-10-04 21:15:00,temp_001,22.13,temperature
2025-10-04 21:15:00,lux_001,12.0,luminosity
2025-10-04 21:15:00,occ_001,0.0,occupancy
2025-10-04 21:30:00,temp_001,20.56,temperature
2025-10-04 21:30:00,lux_001,0.0,luminosity
2025-10-04 21:30:00,occ_001,0.0,occupancy
2025-10-04 21:45:00,temp_001,21.36,temperature
2025-10-04 21:45:00,lux_001,7.0,luminosity
2025-10-04 21:45:00,occ_001,0.0,occupancy
2025-10-04 22:00:00,temp_001,22.02,temperature
2025-10-04 22:00:00,lux_001,3.0,luminosity
2025-10-04 22:00:00,occ_001,0.0,occupancy
2025-10-04 22:15:00,temp_001,20.51,temperature
2025-10-04 22:15:00,lux_001,10.0,luminosity
2025-10-04 22:15:00,occ_001,0.0,occupancy
2025-10-04 22:30:00,temp_001,21.04,temperature
2025-10-04 22:30:00,lux_001,17.0,luminosity
2025-10-04 22:30:00,occ_001,0.0,occupancy
2025-10-04 22:45:00,temp_001,21.32,temperature
2025-10-04 22:45:00,lux_001,11.0,luminosity
2025-10-04 22:45:00,occ_001,0.0,occupancy
2025-10-04 23:00:00,temp_001,21.49,temperature
2025-10-04 23:00:00,lux_001,8.0,luminosity
2025-10-04 23:00:00,occ_001,0.0,occupancy
2025-10-04 23:15:00,temp_001,21.62,temperature
2025-10-04 23:15:00,lux_001,5.0,luminosity
2025-10-04 23:15:00,occ_001,0.0,occupancy
2025-10-04 23:30:00,temp_001,21.41,temperature
2025-10-04 23:30:00,lux_001,15.0,luminosity
2025-10-04 23:30:00,occ_001,0.0,occupancy
2025-10-04 23:45:00,temp_001,19.51,temperature
2025-10-04 23:45:00,lux_001,17.0,luminosity
2025-10-04 23:45:00,occ_001,0.0,occupancy
2025-10-05 00:00:00,temp_001,20.65,temperature
2025-10-05 00:00:00,lux_001,11.0,luminosity
2025-10-05 00:00:00,occ_001,0.0,occupancy
2025-10-05 00:15:00,temp_001,20.42,temperature
2025-10-05 00:15:00,lux_001,14.0,luminosity
2025-10-05 00:15:00,occ_001,0.0,occupancy
2025-10-05 00:30:00,temp_001,20.19,temperature
2025-10-05 00:30:00,lux_001,10.0,luminosity
2025-10-05 00:30:00,occ_001,0.0,occupancy
2025-10-05 00:45:00,temp_001,20.26,temperature
2025-10-05 00:45:00,lux_001,2.0,luminosity
2025-10-05 00:45:00,occ_001,0.0,occupancy
2025-10-05 01:00:00,temp_001,19.74,temperature
2025-10-05 01:00:00,lux_001,13.0,luminosity
2025-10-05 01:00:00,occ_001,1.0,occupancy
2025-10-05 01:15:00,temp_001,19.87,temperature
2025-10-05 01:15:00,lux_001,8.0,luminosity
2025-10-05 01:15:00,occ_001,0.0,occupancy
2025-10-05 01:30:00,temp_001,20.14,temperature
2025-10-05 01:30:00,lux_001,8.0,luminosity
2025-10-05 01:30:00,occ_001,0.0,occupancy
2025-10-05 01:45:00,temp_001,19.63,temperature
2025-10-05 01:45:00,lux_001,8.0,luminosity
2025-10-05 01:45:00,occ_001,0.0,occupancy
2025-10-05 02:00:00,temp_001,19.57,temperature
2025-10-05 02:00:00,lux_001,13.0,luminosity
2025-10-05 02:00:00,occ_001,0.0,occupancy
2025-10-05 02:15:00,temp_001,19.01,temperature
2025-10-05 02:15:00,lux_001,14.0,luminosity
2025-10-05 02:15:00,occ_001,0.0,occupancy
2025-10-05 02:30:00,temp_001,20.13,temperature
2025-10-05 02:30:00,lux_001,7.0,luminosity
2025-10-05 02:30:00,occ_001,0.0,occupancy
2025-10-05 02:45:00,temp_001,20.2,temperature
2025-10-05 02:45:00,lux_001,8.0,luminosity
2025-10-05 02:45:00,occ_001,0.0,occupancy
2025-10-05 03:00:00,temp_001,19.68,temperature
2025-10-05 03:00:00,lux_001,22.0,luminosity
2025-10-05 03:00:00,occ_001,1.0,occupancy
2025-10-05 03:15:00,temp_001,20.18,temperature
2025-10-05 03:15:00,lux_001,6.0,luminosity
2025-10-05 03:15:00,occ_001,0.0,occupancy
2025-10-05 03:30:00,temp_001,19.97,temperature
2025-10-05 03:30:00,lux_001,13.0,luminosity
2025-10-05 03:30:00,occ_001,0.0,occupancy
2025-10-05 03:45:00,temp_001,19.75,temperature
2025-10-05 03:45:00,lux_001,19.0,luminosity
2025-10-05 03:45:00,occ_001,1.0,occupancy
2025-10-05 04:00:00,temp_001,20.94,temperature
2025-10-05 04:00:00,lux_001,12.0,luminosity
2025-10-05 04:00:00,occ_001,0.0,occupancy
2025-10-05 04:15:00,temp_001,19.91,temperature
2025-10-05 04:15:00,lux_001,15.0,luminosity
2025-10-05 04:15:00,occ_001,1.0,occupancy
2025-10-05 04:30:00,temp_001,20.64,temperature
2025-10-05 04:30:00,lux_001,6.0,luminosity
2025-10-05 04:30:00,occ_001,0.0,occupancy
2025-10-05 04:45:00,temp_001,19.71,temperature
2025-10-05 04:45:00,lux_001,11.0,luminosity
2025-10-05 04:45:00,occ_001,0.0,occupancy
2025-10-05 05:00:00,temp_001,21.11,temperature
2025-10-05 05:00:00,lux_001,15.0,luminosity
2025-10-05 05:00:00,occ_001,0.0,occupancy
2025-10-05 05:15:00,temp_001,20.18,temperature
2025-10-05 05:15:00,lux_001,2.0,luminosity
2025-10-05 05:15:00,occ_001,1.0,occupancy
2025-10-05 05:30:00,temp_001,21.33,temperature
2025-10-05 05:30:00,lux_001,2.0,luminosity
2025-10-05 05:30:00,occ_001,0.0,occupancy
2025-10-05 05:45:00,temp_001,20.96,temperature
2025-10-05 05:45:00,lux_001,14.0,luminosity
2025-10-05 05:45:00,occ_001,0.0,occupancy
2025-10-05 06:00:00,temp_001,21.0,temperature
2025-10-05 06:00:00,lux_001,572.0,luminosity
2025-10-05 06:00:00,occ_001,0.0,occupancy
2025-10-05 06:15:00,temp_001,20.67,temperature
2025-10-05 06:15:00,lux_001,593.0,luminosity
2025-10-05 06:15:00,occ_001,0.0,occupancy
2025-10-05 06:30:00,temp_001,21.38,temperature
2025-10-05 06:30:00,lux_001,523.0,luminosity
2025-10-05 06:30:00,occ_001,0.0,occupancy
2025-10-05 06:45:00,temp_001,21.73,temperature
2025-10-05 06:45:00,lux_001,517.0,luminosity
2025-10-05 06:45:00,occ_001,0.0,occupancy
2025-10-05 07:00:00,temp_001,21.63,temperature
2025-10-05 07:00:00,lux_001,418.0,luminosity
2025-10-05 07:00:00,occ_001,0.0,occupancy
2025-10-05 07:15:00,temp_001,21.87,temperature
2025-10-05 07:15:00,lux_001,624.0,luminosity
2025-10-05 07:15:00,occ_001,0.0,occupancy
2025-10-05 07:30:00,temp_001,21.39,temperature
2025-10-05 07:30:00,lux_001,517.0,luminosity
2025-10-05 07:30:00,occ_001,0.0,occupancy
2025-10-05 07:45:00,temp_001,22.02,temperature
2025-10-05 07:45:00,lux_001,576.0,luminosity
2025-10-05 07:45:00,occ_001,0.0,occupancy
2025-10-05 08:00:00,temp_001,21.95,temperature
2025-10-05 08:00:00,lux_001,457.0,luminosity
2025-10-05 08:00:00,occ_001,0.0,occupancy
2025-10-05 08:15:00,temp_001,22.09,temperature
2025-10-05 08:15:00,lux_001,349.0,luminosity
2025-10-05 08:15:00,occ_001,0.0,occupancy
2025-10-05 08:30:00,temp_001,22.81,temperature
2025-10-05 08:30:00,lux_001,403.0,luminosity
2025-10-05 08:30:00,occ_001,0.0,occupancy
2025-10-05 08:45:00,temp_001,21.38,temperature
2025-10-05 08:45:00,lux_001,408.0,luminosity
2025-10-05 08:45:00,occ_001,0.0,occupancy
2025-10-05 09:00:00,temp_001,22.03,temperature
2025-10-05 09:00:00,lux_001,523.0,luminosity
2025-10-05 09:00:00,occ_001,0.0,occupancy
2025-10-05 09:15:00,temp_001,22.37,temperature
2025-10-05 09:15:00,lux_001,575.0,luminosity
2025-10-05 09:15:00,occ_001,0.0,occupancy
2025-10-05 09:30:00,temp_001,22.34,temperature
2025-10-05 09:30:00,lux_001,803.0,luminosity
2025-10-05 09:30:00,occ_001,0.0,occupancy
2025-10-05 09:45:00,temp_001,22.05,temperature
2025-10-05 09:45:00,lux_001,618.0,luminosity
2025-10-05 09:45:00,occ_001,0.0,occupancy
2025-10-05 10:00:00,temp_001,22.86,temperature
2025-10-05 10:00:00,lux_001,570.0,luminosity
2025-10-05 10:00:00,occ_001,0.0,occupancy
2025-10-05 10:15:00,temp_001,22.92,temperature
2025-10-05 10:15:00,lux_001,475.0,luminosity
2025-10-05 10:15:00,occ_001,1.0,occupancy
2025-10-05 10:30:00,temp_001,24.23,temperature
2025-10-05 10:30:00,lux_001,417.0,luminosity
2025-10-05 10:30:00,occ_001,0.0,occupancy
2025-10-05 10:45:00,temp_001,23.49,temperature
2025-10-05 10:45:00,lux_001,471.0,luminosity
2025-10-05 10:45:00,occ_001,0.0,occupancy
2025-10-05 11:00:00,temp_001,23.85,temperature
2025-10-05 11:00:00,lux_001,477.0,luminosity
2025-10-05 11:00:00,occ_001,0.0,occupancy
2025-10-05 11:15:00,temp_001,23.55,temperature
2025-10-05 11:15:00,lux_001,467.0,luminosity
2025-10-05 11:15:00,occ_001,0.0,occupancy
2025-10-05 11:30:00,temp_001,23.06,temperature
2025-10-05 11:30:00,lux_001,427.0,luminosity
2025-10-05 11:30:00,occ_001,0.0,occupancy
2025-10-05 11:45:00,temp_001,24.39,temperature
2025-10-05 11:45:00,lux_001,570.0,luminosity
2025-10-05 11:45:00,occ_001,1.0,occupancy
2025-10-05 12:00:00,temp_001,23.19,temperature
2025-10-05 12:00:00,lux_001,516.0,luminosity
2025-10-05 12:00:00,occ_001,0.0,occupancy
2025-10-05 12:15:00,temp_001,23.49,temperature
2025-10-05 12:15:00,lux_001,370.0,luminosity
2025-10-05 12:15:00,occ_001,0.0,occupancy
2025-10-05 12:30:00,temp_001,24.37,temperature
2025-10-05 12:30:00,lux_001,492.0,luminosity
2025-10-05 12:30:00,occ_001,0.0,occupancy
2025-10-05 12:45:00,temp_001,22.54,temperature
2025-10-05 12:45:00,lux_001,485.0,luminosity
2025-10-05 12:45:00,occ_001,0.0,occupancy
2025-10-05 13:00:00,temp_001,24.44,temperature
2025-10-05 13:00:00,lux_001,440.0,luminosity
2025-10-05 13:00:00,occ_001,0.0,occupancy
2025-10-05 13:15:00,temp_001,23.65,temperature
2025-10-05 13:15:00,lux_001,645.0,luminosity
2025-10-05 13:15:00,occ_001,0.0,occupancy
2025-10-05 13:30:00,temp_001,23.27,temperature
2025-10-05 13:30:00,lux_001,395.0,luminosity
2025-10-05 13:30:00,occ_001,0.0,occupancy
2025-10-05 13:45:00,temp_001,23.78,temperature
2025-10-05 13:45:00,lux_001,310.0,luminosity
2025-10-05 13:45:00,occ_001,0.0,occupancy
2025-10-05 14:00:00,temp_001,23.66,temperature
2025-10-05 14:00:00,lux_001,434.0,luminosity
2025-10-05 14:00:00,occ_001,0.0,occupancy
2025-10-05 14:15:00,temp_001,24.66,temperature
2025-10-05 14:15:00,lux_001,546.0,luminosity
2025-10-05 14:15:00,occ_001,0.0,occupancy
2025-10-05 14:30:00,temp_001,24.07,temperature
2025-10-05 14:30:00,lux_001,508.0,luminosity
2025-10-05 14:30:00,occ_001,0.0,occupancy
2025-10-05 14:45:00,temp_001,24.16,temperature
2025-10-05 14:45:00,lux_001,493.0,luminosity
2025-10-05 14:45:00,occ_001,0.0,occupancy
2025-10-05 15:00:00,temp_001,24.37,temperature
2025-10-05 15:00:00,lux_001,323.0,luminosity
2025-10-05 15:00:00,occ_001,0.0,occupancy
2025-10-05 15:15:00,temp_001,22.56,temperature
2025-10-05 15:15:00,lux_001,368.0,luminosity
2025-10-05 15:15:00,occ_001,0.0,occupancy
2025-10-05 15:30:00,temp_001,23.81,temperature
2025-10-05 15:30:00,lux_001,716.0,luminosity
2025-10-05 15:30:00,occ_001,0.0,occupancy
2025-10-05 15:45:00,temp_001,23.96,temperature
2025-10-05 15:45:00,lux_001,290.0,luminosity
2025-10-05 15:45:00,occ_001,0.0,occupancy
2025-10-05 16:00:00,temp_001,24.59,temperature
2025-10-05 16:00:00,lux_001,573.0,luminosity
2025-10-05 16:00:00,occ_001,0.0,occupancy
2025-10-05 16:15:00,temp_001,24.28,temperature
2025-10-05 16:15:00,lux_001,549.0,luminosity
2025-10-05 16:15:00,occ_001,0.0,occupancy
2025-10-05 16:30:00,temp_001,24.49,temperature
2025-10-05 16:30:00,lux_001,518.0,luminosity
2025-10-05 16:30:00,occ_001,0.0,occupancy
2025-10-05 16:45:00,temp_001,24.05,temperature
2025-10-05 16:45:00,lux_001,567.0,luminosity
2025-10-05 16:45:00,occ_001,0.0,occupancy
2025-10-05 17:00:00,temp_001,23.22,temperature
2025-10-05 17:00:00,lux_001,652.0,luminosity
2025-10-05 17:00:00,occ_001,0.0,occupancy
2025-10-05 17:15:00,temp_001,22.84,temperature
2025-10-05 17:15:00,lux_001,510.0,luminosity
2025-10-05 17:15:00,occ_001,0.0,occupancy
2025-10-05 17:30:00,temp_001,23.15,temperature
2025-10-05 17:30:00,lux_001,438.0,luminosity
2025-10-05 17:30:00,occ_001,0.0,occupancy
2025-10-05 17:45:00,temp_001,22.77,temperature
2025-10-05 17:45:00,lux_001,484.0,luminosity
2025-10-05 17:45:00,occ_001,0.0,occupancy
2025-10-05 18:00:00,temp_001,22.71,temperature
2025-10-05 18:00:00,lux_001,478.0,luminosity
2025-10-05 18:00:00,occ_001,0.0,occupancy
2025-10-05 18:15:00,temp_001,22.98,temperature
2025-10-05 18:15:00,lux_001,512.0,luminosity
2025-10-05 18:15:00,occ_001,0.0,occupancy
2025-10-05 18:30:00,temp_001,22.44,temperature
2025-10-05 18:30:00,lux_001,620.0,luminosity
2025-10-05 18:30:00,occ_001,0.0,occupancy
2025-10-05 18:45:00,temp_001,22.77,temperature
2025-10-05 18:45:00,lux_001,510.0,luminosity
2025-10-05 18:45:00,occ_001,0.0,occupancy
2025-10-05 19:00:00,temp_001,21.96,temperature
2025-10-05 19:00:00,lux_001,6.0,luminosity
2025-10-05 19:00:00,occ_001,0.0,occupancy
2025-10-05 19:15:00,temp_001,22.2,temperature
2025-10-05 19:15:00,lux_001,11.0,luminosity
2025-10-05 19:15:00,occ_001,0.0,occupancy
2025-10-05 19:30:00,temp_001,23.71,temperature
2025-10-05 19:30:00,lux_001,12.0,luminosity
2025-10-05 19:30:00,occ_001,0.0,occupancy
2025-10-05 19:45:00,temp_001,23.78,temperature
2025-10-05 19:45:00,lux_001,19.0,luminosity
2025-10-05 19:45:00,occ_001,0.0,occupancy
2025-10-05 20:00:00,temp_001,22.01,temperature
2025-10-05 20:00:00,lux_001,3.0,luminosity
2025-10-05 20:00:00,occ_001,0.0,occupancy
2025-10-05 20:15:00,temp_001,21.59,temperature
2025-10-05 20:15:00,lux_001,15.0,luminosity
2025-10-05 20:15:00,occ_001,0.0,occupancy
2025-10-05 20:30:00,temp_001,21.32,temperature
2025-10-05 20:30:00,lux_001,12.0,luminosity
2025-10-05 20:30:00,occ_001,0.0,occupancy
2025-10-05 20:45:00,temp_001,21.81,temperature
2025-10-05 20:45:00,lux_001,10.0,luminosity
2025-10-05 20:45:00,occ_001,0.0,occupancy
2025-10-05 21:00:00,temp_001,21.09,temperature
2025-10-05 21:00:00,lux_001,2.0,luminosity
2025-10-05 21:00:00,occ_001,0.0,occupancy
2025-10-05 21:15:00,temp_001,21.01,temperature
2025-10-05 21:15:00,lux_001,14.0,luminosity
2025-10-05 21:15:00,occ_001,0.0,occupancy
2025-10-05 21:30:00,temp_001,21.84,temperature
2025-10-05 21:30:00,lux_001,30.0,luminosity
2025-10-05 21:30:00,occ_001,0.0,occupancy
2025-10-05 21:45:00,temp_001,21.01,temperature
2025-10-05 21:45:00,lux_001,5.0,luminosity
2025-10-05 21:45:00,occ_001,0.0,occupancy
2025-10-05 22:00:00,temp_001,20.65,temperature
2025-10-05 22:00:00,lux_001,10.0,luminosity
2025-10-05 22:00:00,occ_001,0.0,occupancy
2025-10-05 22:15:00,temp_001,20.57,temperature
2025-10-05 22:15:00,lux_001,12.0,luminosity
2025-10-05 22:15:00,occ_001,0.0,occupancy
2025-10-05 22:30:00,temp_001,20.29,temperature
2025-10-05 22:30:00,lux_001,11.0,luminosity
2025-10-05 22:30:00,occ_001,0.0,occupancy
2025-10-05 22:45:00,temp_001,19.5,temperature
2025-10-05 22:45:00,lux_001,3.0,luminosity
2025-10-05 22:45:00,occ_001,0.0,occupancy
2025-10-05 23:00:00,temp_001,21.12,temperature
2025-10-05 23:00:00,lux_001,5.0,luminosity
2025-10-05 23:00:00,occ_001,1.0,occupancy
2025-10-05 23:15:00,temp_001,20.66,temperature
2025-10-05 23:15:00,lux_001,5.0,luminosity
2025-10-05 23:15:00,occ_001,0.0,occupancy
2025-10-05 23:30:00,temp_001,21.36,temperature
2025-10-05 23:30:00,lux_001,16.0,luminosity
2025-10-05 23:30:00,occ_001,0.0,occupancy
2025-10-05 23:45:00,temp_001,20.21,temperature
2025-10-05 23:45:00,lux_001,6.0,luminosity
2025-10-05 23:45:00,occ_001,0.0,occupancy
2025-10-06 00:00:00,temp_001,20.26,temperature
2025-10-06 00:00:00,lux_001,19.0,luminosity
2025-10-06 00:00:00,occ_001,0.0,occupancy
2025-10-06 00:15:00,temp_001,20.2,temperature
2025-10-06 00:15:00,lux_001,13.0,luminosity
2025-10-06 00:15:00,occ_001,0.0,occupancy
2025-10-06 00:30:00,temp_001,20.42,temperature
2025-10-06 00:30:00,lux_001,19.0,luminosity
2025-10-06 00:30:00,occ_001,0.0,occupancy
2025-10-06 00:45:00,temp_001,20.75,temperature
2025-10-06 00:45:00,lux_001,17.0,luminosity
2025-10-06 00:45:00,occ_001,0.0,occupancy
2025-10-06 01:00:00,temp_001,20.22,temperature
2025-10-06 01:00:00,lux_001,11.0,luminosity
2025-10-06 01:00:00,occ_001,0.0,occupancy
2025-10-06 01:15:00,temp_001,19.12,temperature
2025-10-06 01:15:00,lux_001,8.0,luminosity
2025-10-06 01:15:00,occ_001,0.0,occupancy
2025-10-06 01:30:00,temp_001,18.74,temperature
2025-10-06 01:30:00,lux_001,0.0,luminosity
2025-10-06 01:30:00,occ_001,0.0,occupancy
2025-10-06 01:45:00,temp_001,19.66,temperature
2025-10-06 01:45:00,lux_001,3.0,luminosity
2025-10-06 01:45:00,occ_001,1.0,occupancy
2025-10-06 02:00:00,temp_001,19.99,temperature
2025-10-06 02:00:00,lux_001,11.0,luminosity
2025-10-06 02:00:00,occ_001,0.0,occupancy
2025-10-06 02:15:00,temp_001,20.45,temperature
2025-10-06 02:15:00,lux_001,8.0,luminosity
2025-10-06 02:15:00,occ_001,1.0,occupancy
2025-10-06 02:30:00,temp_001,20.51,temperature
2025-10-06 02:30:00,lux_001,13.0,luminosity
2025-10-06 02:30:00,occ_001,0.0,occupancy
2025-10-06 02:45:00,temp_001,20.65,temperature
2025-10-06 02:45:00,lux_001,11.0,luminosity
2025-10-06 02:45:00,occ_001,0.0,occupancy
2025-10-06 03:00:00,temp_001,19.96,temperature
2025-10-06 03:00:00,lux_001,11.0,luminosity
2025-10-06 03:00:00,occ_001,0.0,occupancy
2025-10-06 03:15:00,temp_001,20.98,temperature
2025-10-06 03:15:00,lux_001,9.0,luminosity
2025-10-06 03:15:00,occ_001,0.0,occupancy
2025-10-06 03:30:00,temp_001,20.14,temperature
2025-10-06 03:30:00,lux_001,11.0,luminosity
2025-10-06 03:30:00,occ_001,0.0,occupancy
2025-10-06 03:45:00,temp_001,20.94,temperature
2025-10-06 03:45:00,lux_001,6.0,luminosity
2025-10-06 03:45:00,occ_001,0.0,occupancy
2025-10-06 04:00:00,temp_001,19.77,temperature
2025-10-06 04:00:00,lux_001,13.0,luminosity
2025-10-06 04:00:00,occ_001,0.0,occupancy
2025-10-06 04:15:00,temp_001,20.22,temperature
2025-10-06 04:15:00,lux_001,11.0,luminosity
2025-10-06 04:15:00,occ_001,0.0,occupancy
2025-10-06 04:30:00,temp_001,20.51,temperature
2025-10-06 04:30:00,lux_001,0.0,luminosity
2025-10-06 04:30:00,occ_001,0.0,occupancy
2025-10-06 04:45:00,temp_001,21.29,temperature
2025-10-06 04:45:00,lux_001,5.0,luminosity
2025-10-06 04:45:00,occ_001,0.0,occupancy
2025-10-06 05:00:00,temp_001,20.06,temperature
2025-10-06 05:00:00,lux_001,8.0,luminosity
2025-10-06 05:00:00,occ_001,0.0,occupancy
2025-10-06 05:15:00,temp_001,20.27,temperature
2025-10-06 05:15:00,lux_001,4.0,luminosity
2025-10-06 05:15:00,occ_001,0.0,occupancy
2025-10-06 05:30:00,temp_001,20.23,temperature
2025-10-06 05:30:00,lux_001,0.0,luminosity
2025-10-06 05:30:00,occ_001,0.0,occupancy
2025-10-06 05:45:00,temp_001,21.65,temperature
2025-10-06 05:45:00,lux_001,3.0,luminosity
2025-10-06 05:45:00,occ_001,0.0,occupancy
2025-10-06 06:00:00,temp_001,21.06,temperature
2025-10-06 06:00:00,lux_001,365.0,luminosity
2025-10-06 06:00:00,occ_001,0.0,occupancy
2025-10-06 06:15:00,temp_001,20.16,temperature
2025-10-06 06:15:00,lux_001,654.0,luminosity
2025-10-06 06:15:00,occ_001,0.0,occupancy
2025-10-06 06:30:00,temp_001,21.57,temperature
2025-10-06 06:30:00,lux_001,422.0,luminosity
2025-10-06 06:30:00,occ_001,0.0,occupancy
2025-10-06 06:45:00,temp_001,20.81,temperature
2025-10-06 06:45:00,lux_001,430.0,luminosity
2025-10-06 06:45:00,occ_001,0.0,occupancy
2025-10-06 07:00:00,temp_001,21.76,temperature
2025-10-06 07:00:00,lux_001,459.0,luminosity
2025-10-06 07:00:00,occ_001,0.0,occupancy
2025-10-06 07:15:00,temp_001,21.11,temperature
2025-10-06 07:15:00,lux_001,554.0,luminosity
2025-10-06 07:15:00,occ_001,0.0,occupancy
2025-10-06 07:30:00,temp_001,22.06,temperature
2025-10-06 07:30:00,lux_001,652.0,luminosity
2025-10-06 07:30:00,occ_001,0.0,occupancy
2025-10-06 07:45:00,temp_001,21.15,temperature
2025-10-06 07:45:00,lux_001,750.0,luminosity
2025-10-06 07:45:00,occ_001,0.0,occupancy
2025-10-06 08:00:00,temp_001,22.52,temperature
2025-10-06 08:00:00,lux_001,450.0,luminosity
2025-10-06 08:00:00,occ_001,1.0,occupancy
2025-10-06 08:15:00,temp_001,22.32,temperature
2025-10-06 08:15:00,lux_001,493.0,luminosity
2025-10-06 08:15:00,occ_001,0.0,occupancy
2025-10-06 08:30:00,temp_001,21.07,temperature
2025-10-06 08:30:00,lux_001,504.0,luminosity
2025-10-06 08:30:00,occ_001,1.0,occupancy
2025-10-06 08:45:00,temp_001,22.4,temperature
2025-10-06 08:45:00,lux_001,390.0,luminosity
2025-10-06 08:45:00,occ_001,0.0,occupancy
2025-10-06 09:00:00,temp_001,22.05,temperature
2025-10-06 09:00:00,lux_001,555.0,luminosity
2025-10-06 09:00:00,occ_001,1.0,occupancy
2025-10-06 09:15:00,temp_001,22.2,temperature
2025-10-06 09:15:00,lux_001,582.0,luminosity
2025-10-06 09:15:00,occ_001,1.0,occupancy
2025-10-06 09:30:00,temp_001,23.73,temperature
2025-10-06 09:30:00,lux_001,451.0,luminosity
2025-10-06 09:30:00,occ_001,1.0,occupancy
2025-10-06 09:45:00,temp_001,22.8,temperature
2025-10-06 09:45:00,lux_001,527.0,luminosity
2025-10-06 09:45:00,occ_001,1.0,occupancy
2025-10-06 10:00:00,temp_001,23.84,temperature
2025-10-06 10:00:00,lux_001,694.0,luminosity
2025-10-06 10:00:00,occ_001,0.0,occupancy
2025-10-06 10:15:00,temp_001,22.53,temperature
2025-10-06 10:15:00,lux_001,738.0,luminosity
2025-10-06 10:15:00,occ_001,1.0,occupancy
2025-10-06 10:30:00,temp_001,22.66,temperature
2025-10-06 10:30:00,lux_001,567.0,luminosity
2025-10-06 10:30:00,occ_001,1.0,occupancy
2025-10-06 10:45:00,temp_001,22.63,temperature
2025-10-06 10:45:00,lux_001,581.0,luminosity
2025-10-06 10:45:00,occ_001,1.0,occupancy
2025-10-06 11:00:00,temp_001,24.03,temperature
2025-10-06 11:00:00,lux_001,500.0,luminosity
2025-10-06 11:00:00,occ_001,1.0,occupancy
2025-10-06 11:15:00,temp_001,23.2,temperature
2025-10-06 11:15:00,lux_001,655.0,luminosity
2025-10-06 11:15:00,occ_001,1.0,occupancy
2025-10-06 11:30:00,temp_001,23.83,temperature
2025-10-06 11:30:00,lux_001,606.0,luminosity
2025-10-06 11:30:00,occ_001,1.0,occupancy
2025-10-06 11:45:00,temp_001,23.9,temperature
2025-10-06 11:45:00,lux_001,562.0,luminosity
2025-10-06 11:45:00,occ_001,1.0,occupancy
2025-10-06 12:00:00,temp_001,22.96,temperature
2025-10-06 12:00:00,lux_001,394.0,luminosity
2025-10-06 12:00:00,occ_001,1.0,occupancy
2025-10-06 12:15:00,temp_001,24.23,temperature
2025-10-06 12:15:00,lux_001,599.0,luminosity
2025-10-06 12:15:00,occ_001,1.0,occupancy
2025-10-06 12:30:00,temp_001,23.92,temperature
2025-10-06 12:30:00,lux_001,419.0,luminosity
2025-10-06 12:30:00,occ_001,1.0,occupancy
2025-10-06 12:45:00,temp_001,23.68,temperature
2025-10-06 12:45:00,lux_001,672.0,luminosity
2025-10-06 12:45:00,occ_001,1.0,occupancy
2025-10-06 13:00:00,temp_001,24.49,temperature
2025-10-06 13:00:00,lux_001,284.0,luminosity
2025-10-06 13:00:00,occ_001,0.0,occupancy
2025-10-06 13:15:00,temp_001,24.33,temperature
2025-10-06 13:15:00,lux_001,416.0,luminosity
2025-10-06 13:15:00,occ_001,1.0,occupancy
2025-10-06 13:30:00,temp_001,23.51,temperature
2025-10-06 13:30:00,lux_001,449.0,luminosity
2025-10-06 13:30:00,occ_001,1.0,occupancy
2025-10-06 13:45:00,temp_001,22.9,temperature
2025-10-06 13:45:00,lux_001,493.0,luminosity
2025-10-06 13:45:00,occ_001,1.0,occupancy
2025-10-06 14:00:00,temp_001,23.8,temperature
2025-10-06 14:00:00,lux_001,462.0,luminosity
2025-10-06 14:00:00,occ_001,0.0,occupancy
2025-10-06 14:15:00,temp_001,24.25,temperature
2025-10-06 14:15:00,lux_001,557.0,luminosity
2025-10-06 14:15:00,occ_001,1.0,occupancy
2025-10-06 14:30:00,temp_001,24.22,temperature
2025-10-06 14:30:00,lux_001,701.0,luminosity
2025-10-06 14:30:00,occ_001,1.0,occupancy
2025-10-06 14:45:00,temp_001,25.15,temperature
2025-10-06 14:45:00,lux_001,495.0,luminosity
2025-10-06 14:45:00,occ_001,1.0,occupancy
2025-10-06 15:00:00,temp_001,24.61,temperature
2025-10-06 15:00:00,lux_001,399.0,luminosity
2025-10-06 15:00:00,occ_001,1.0,occupancy
2025-10-06 15:15:00,temp_001,23.81,temperature
2025-10-06 15:15:00,lux_001,620.0,luminosity
2025-10-06 15:15:00,occ_001,1.0,occupancy
2025-10-06 15:30:00,temp_001,23.56,temperature
2025-10-06 15:30:00,lux_001,478.0,luminosity
2025-10-06 15:30:00,occ_001,0.0,occupancy
2025-10-06 15:45:00,temp_001,24.16,temperature
2025-10-06 15:45:00,lux_001,442.0,luminosity
2025-10-06 15:45:00,occ_001,1.0,occupancy
2025-10-06 16:00:00,temp_001,23.38,temperature
2025-10-06 16:00:00,lux_001,557.0,luminosity
2025-10-06 16:00:00,occ_001,1.0,occupancy
2025-10-06 16:15:00,temp_001,23.7,temperature
2025-10-06 16:15:00,lux_001,435.0,luminosity
2025-10-06 16:15:00,occ_001,1.0,occupancy
2025-10-06 16:30:00,temp_001,22.81,temperature
2025-10-06 16:30:00,lux_001,626.0,luminosity
2025-10-06 16:30:00,occ_001,1.0,occupancy
2025-10-06 16:45:00,temp_001,24.2,temperature
2025-10-06 16:45:00,lux_001,602.0,luminosity
2025-10-06 16:45:00,occ_001,1.0,occupancy
2025-10-06 17:00:00,temp_001,23.42,temperature
2025-10-06 17:00:00,lux_001,411.0,luminosity
2025-10-06 17:00:00,occ_001,1.0,occupancy
2025-10-06 17:15:00,temp_001,23.0,temperature
2025-10-06 17:15:00,lux_001,557.0,luminosity
2025-10-06 17:15:00,occ_001,0.0,occupancy
2025-10-06 17:30:00,temp_001,23.59,temperature
2025-10-06 17:30:00,lux_001,627.0,luminosity
2025-10-06 17:30:00,occ_001,1.0,occupancy
2025-10-06 17:45:00,temp_001,23.95,temperature
2025-10-06 17:45:00,lux_001,591.0,luminosity
2025-10-06 17:45:00,occ_001,1.0,occupancy
2025-10-06 18:00:00,temp_001,23.57,temperature
2025-10-06 18:00:00,lux_001,504.0,luminosity
2025-10-06 18:00:00,occ_001,0.0,occupancy
2025-10-06 18:15:00,temp_001,23.31,temperature
2025-10-06 18:15:00,lux_001,629.0,luminosity
2025-10-06 18:15:00,occ_001,0.0,occupancy
2025-10-06 18:30:00,temp_001,24.19,temperature
2025-10-06 18:30:00,lux_001,402.0,luminosity
2025-10-06 18:30:00,occ_001,0.0,occupancy
2025-10-06 18:45:00,temp_001,23.35,temperature
2025-10-06 18:45:00,lux_001,445.0,luminosity
2025-10-06 18:45:00,occ_001,0.0,occupancy
2025-10-06 19:00:00,temp_001,22.88,temperature
2025-10-06 19:00:00,lux_001,7.0,luminosity
2025-10-06 19:00:00,occ_001,0.0,occupancy
2025-10-06 19:15:00,temp_001,23.57,temperature
2025-10-06 19:15:00,lux_001,3.0,luminosity
2025-10-06 19:15:00,occ_001,0.0,occupancy
2025-10-06 19:30:00,temp_001,22.65,temperature
2025-10-06 19:30:00,lux_001,4.0,luminosity
2025-10-06 19:30:00,occ_001,0.0,occupancy
2025-10-06 19:45:00,temp_001,22.65,temperature
2025-10-06 19:45:00,lux_001,12.0,luminosity
2025-10-06 19:45:00,occ_001,0.0,occupancy
2025-10-06 20:00:00,temp_001,22.08,temperature
2025-10-06 20:00:00,lux_001,0.0,luminosity
2025-10-06 20:00:00,occ_001,1.0,occupancy
2025-10-06 20:15:00,temp_001,21.24,temperature
2025-10-06 20:15:00,lux_001,9.0,luminosity
2025-10-06 20:15:00,occ_001,0.0,occupancy
2025-10-06 20:30:00,temp_001,22.85,temperature
2025-10-06 20:30:00,lux_001,11.0,luminosity
2025-10-06 20:30:00,occ_001,0.0,occupancy
2025-10-06 20:45:00,temp_001,21.28,temperature
2025-10-06 20:45:00,lux_001,14.0,luminosity
2025-10-06 20:45:00,occ_001,0.0,occupancy
2025-10-06 21:00:00,temp_001,21.71,temperature
2025-10-06 21:00:00,lux_001,14.0,luminosity
2025-10-06 21:00:00,occ_001,0.0,occupancy
2025-10-06 21:15:00,temp_001,21.44,temperature
2025-10-06 21:15:00,lux_001,16.0,luminosity
2025-10-06 21:15:00,occ_001,0.0,occupancy
2025-10-06 21:30:00,temp_001,21.52,temperature
2025-10-06 21:30:00,lux_001,10.0,luminosity
2025-10-06 21:30:00,occ_001,0.0,occupancy
2025-10-06 21:45:00,temp_001,20.92,temperature
2025-10-06 21:45:00,lux_001,5.0,luminosity
2025-10-06 21:45:00,occ_001,0.0,occupancy
2025-10-06 22:00:00,temp_001,20.76,temperature
2025-10-06 22:00:00,lux_001,14.0,luminosity
2025-10-06 22:00:00,occ_001,0.0,occupancy
2025-10-06 22:15:00,temp_001,21.11,temperature
2025-10-06 22:15:00,lux_001,17.0,luminosity
2025-10-06 22:15:00,occ_001,0.0,occupancy
2025-10-06 22:30:00,temp_001,20.82,temperature
2025-10-06 22:30:00,lux_001,3.0,luminosity
2025-10-06 22:30:00,occ_001,1.0,occupancy
2025-10-06 22:45:00,temp_001,21.0,temperature
2025-10-06 22:45:00,lux_001,7.0,luminosity
2025-10-06 22:45:00,occ_001,0.0,occupancy
2025-10-06 23:00:00,temp_001,20.27,temperature
2025-10-06 23:00:00,lux_001,10.0,luminosity
2025-10-06 23:00:00,occ_001,1.0,occupancy
2025-10-06 23:15:00,temp_001,20.5,temperature
2025-10-06 23:15:00,lux_001,16.0,luminosity
2025-10-06 23:15:00,occ_001,0.0,occupancy
2025-10-06 23:30:00,temp_001,20.64,temperature
2025-10-06 23:30:00,lux_001,16.0,luminosity
2025-10-06 23:30:00,occ_001,0.0,occupancy
2025-10-06 23:45:00,temp_001,20.28,temperature
2025-10-06 23:45:00,lux_001,10.0,luminosity
2025-10-06 23:45:00,occ_001,0.0,occupancy
2025-10-07 00:00:00,temp_001,20.41,temperature
2025-10-07 00:00:00,lux_001,7.0,luminosity
2025-10-07 00:00:00,occ_001,0.0,occupancy
2025-10-07 00:15:00,temp_001,20.62,temperature
2025-10-07 00:15:00,lux_001,14.0,luminosity
2025-10-07 00:15:00,occ_001,0.0,occupancy
2025-10-07 00:30:00,temp_001,20.78,temperature
2025-10-07 00:30:00,lux_001,8.0,luminosity
2025-10-07 00:30:00,occ_001,0.0,occupancy
2025-10-07 00:45:00,temp_001,19.45,temperature
2025-10-07 00:45:00,lux_001,9.0,luminosity
2025-10-07 00:45:00,occ_001,0.0,occupancy
2025-10-07 01:00:00,temp_001,19.74,temperature
2025-10-07 01:00:00,lux_001,4.0,luminosity
2025-10-07 01:00:00,occ_001,0.0,occupancy
2025-10-07 01:15:00,temp_001,20.28,temperature
2025-10-07 01:15:00,lux_001,13.0,luminosity
2025-10-07 01:15:00,occ_001,0.0,occupancy
2025-10-07 01:30:00,temp_001,19.67,temperature
2025-10-07 01:30:00,lux_001,7.0,luminosity
2025-10-07 01:30:00,occ_001,0.0,occupancy
2025-10-07 01:45:00,temp_001,20.88,temperature
2025-10-07 01:45:00,lux_001,8.0,luminosity
2025-10-07 01:45:00,occ_001,0.0,occupancy
2025-10-07 02:00:00,temp_001,19.46,temperature
2025-10-07 02:00:00,lux_001,17.0,luminosity
2025-10-07 02:00:00,occ_001,1.0,occupancy
2025-10-07 02:15:00,temp_001,21.22,temperature
2025-10-07 02:15:00,lux_001,8.0,luminosity
2025-10-07 02:15:00,occ_001,1.0,occupancy
2025-10-07 02:30:00,temp_001,20.09,temperature
2025-10-07 02:30:00,lux_001,9.0,luminosity
2025-10-07 02:30:00,occ_001,0.0,occupancy
2025-10-07 02:45:00,temp_001,19.39,temperature
2025-10-07 02:45:00,lux_001,22.0,luminosity
2025-10-07 02:45:00,occ_001,0.0,occupancy
2025-10-07 03:00:00,temp_001,20.24,temperature
2025-10-07 03:00:00,lux_001,16.0,luminosity
2025-10-07 03:00:00,occ_001,0.0,occupancy
2025-10-07 03:15:00,temp_001,19.81,temperature
2025-10-07 03:15:00,lux_001,13.0,luminosity
2025-10-07 03:15:00,occ_001,0.0,occupancy
2025-10-07 03:30:00,temp_001,19.44,temperature
2025-10-07 03:30:00,lux_001,11.0,luminosity
2025-10-07 03:30:00,occ_001,0.0,occupancy
2025-10-07 03:45:00,temp_001,20.02,temperature
2025-10-07 03:45:00,lux_001,7.0,luminosity
2025-10-07 03:45:00,occ_001,0.0,occupancy
2025-10-07 04:00:00,temp_001,20.56,temperature
2025-10-07 04:00:00,lux_001,8.0,luminosity
2025-10-07 04:00:00,occ_001,0.0,occupancy
2025-10-07 04:15:00,temp_001,20.5,temperature
2025-10-07 04:15:00,lux_001,5.0,luminosity
2025-10-07 04:15:00,occ_001,0.0,occupancy
2025-10-07 04:30:00,temp_001,19.87,temperature
2025-10-07 04:30:00,lux_001,15.0,luminosity
2025-10-07 04:30:00,occ_001,0.0,occupancy
2025-10-07 04:45:00,temp_001,20.25,temperature
2025-10-07 04:45:00,lux_001,11.0,luminosity
2025-10-07 04:45:00,occ_001,0.0,occupancy
2025-10-07 05:00:00,temp_001,21.01,temperature
2025-10-07 05:00:00,lux_001,4.0,luminosity
2025-10-07 05:00:00,occ_001,1.0,occupancy
2025-10-07 05:15:00,temp_001,20.9,temperature
2025-10-07 05:15:00,lux_001,2.0,luminosity
2025-10-07 05:15:00,occ_001,0.0,occupancy
2025-10-07 05:30:00,temp_001,20.04,temperature
2025-10-07 05:30:00,lux_001,12.0,luminosity
2025-10-07 05:30:00,occ_001,0.0,occupancy
2025-10-07 05:45:00,temp_001,20.58,temperature
2025-10-07 05:45:00,lux_001,8.0,luminosity
2025-10-07 05:45:00,occ_001,0.0,occupancy
2025-10-07 06:00:00,temp_001,20.3,temperature
2025-10-07 06:00:00,lux_001,656.0,luminosity
2025-10-07 06:00:00,occ_001,0.0,occupancy
2025-10-07 06:15:00,temp_001,21.23,temperature
2025-10-07 06:15:00,lux_001,522.0,luminosity
2025-10-07 06:15:00,occ_001,0.0,occupancy
2025-10-07 06:30:00,temp_001,21.4,temperature
2025-10-07 06:30:00,lux_001,410.0,luminosity
2025-10-07 06:30:00,occ_001,0.0,occupancy
2025-10-07 06:45:00,temp_001,20.67,temperature
2025-10-07 06:45:00,lux_001,456.0,luminosity
2025-10-07 06:45:00,occ_001,0.0,occupancy
2025-10-07 07:00:00,temp_001,21.7,temperature
2025-10-07 07:00:00,lux_001,525.0,luminosity
2025-10-07 07:00:00,occ_001,0.0,occupancy
2025-10-07 07:15:00,temp_001,21.15,temperature
2025-10-07 07:15:00,lux_001,492.0,luminosity
2025-10-07 07:15:00,occ_001,0.0,occupancy
2025-10-07 07:30:00,temp_001,20.63,temperature
2025-10-07 07:30:00,lux_001,414.0,luminosity
2025-10-07 07:30:00,occ_001,0.0,occupancy
2025-10-07 07:45:00,temp_001,22.29,temperature
2025-10-07 07:45:00,lux_001,474.0,luminosity
2025-10-07 07:45:00,occ_001,0.0,occupancy
2025-10-07 08:00:00,temp_001,22.26,temperature
2025-10-07 08:00:00,lux_001,410.0,luminosity
2025-10-07 08:00:00,occ_001,0.0,occupancy
2025-10-07 08:15:00,temp_001,22.55,temperature
2025-10-07 08:15:00,lux_001,436.0,luminosity
2025-10-07 08:15:00,occ_001,0.0,occupancy
2025-10-07 08:30:00,temp_001,21.54,temperature
2025-10-07 08:30:00,lux_001,434.0,luminosity
2025-10-07 08:30:00,occ_001,1.0,occupancy
2025-10-07 08:45:00,temp_001,21.88,temperature
2025-10-07 08:45:00,lux_001,557.0,luminosity
2025-10-07 08:45:00,occ_001,1.0,occupancy
2025-10-07 09:00:00,temp_001,22.34,temperature
2025-10-07 09:00:00,lux_001,615.0,luminosity
2025-10-07 09:00:00,occ_001,1.0,occupancy
2025-10-07 09:15:00,temp_001,22.72,temperature
2025-10-07 09:15:00,lux_001,546.0,luminosity
2025-10-07 09:15:00,occ_001,0.0,occupancy
2025-10-07 09:30:00,temp_001,22.56,temperature
2025-10-07 09:30:00,lux_001,519.0,luminosity
2025-10-07 09:30:00,occ_001,1.0,occupancy
2025-10-07 09:45:00,temp_001,22.48,temperature
2025-10-07 09:45:00,lux_001,575.0,luminosity
2025-10-07 09:45:00,occ_001,0.0,occupancy
2025-10-07 10:00:00,temp_001,21.82,temperature
2025-10-07 10:00:00,lux_001,556.0,luminosity
2025-10-07 10:00:00,occ_001,1.0,occupancy
2025-10-07 10:15:00,temp_001,23.57,temperature
2025-10-07 10:15:00,lux_001,412.0,luminosity
2025-10-07 10:15:00,occ_001,1.0,occupancy
2025-10-07 10:30:00,temp_001,23.46,temperature
2025-10-07 10:30:00,lux_001,446.0,luminosity
2025-10-07 10:30:00,occ_001,1.0,occupancy
2025-10-07 10:45:00,temp_001,23.11,temperature
2025-10-07 10:45:00,lux_001,572.0,luminosity
2025-10-07 10:45:00,occ_001,1.0,occupancy
2025-10-07 11:00:00,temp_001,23.49,temperature
2025-10-07 11:00:00,lux_001,360.0,luminosity
2025-10-07 11:00:00,occ_001,1.0,occupancy
2025-10-07 11:15:00,temp_001,23.83,temperature
2025-10-07 11:15:00,lux_001,501.0,luminosity
2025-10-07 11:15:00,occ_001,1.0,occupancy
2025-10-07 11:30:00,temp_001,23.41,temperature
2025-10-07 11:30:00,lux_001,532.0,luminosity
2025-10-07 11:30:00,occ_001,1.0,occupancy
2025-10-07 11:45:00,temp_001,23.21,temperature
2025-10-07 11:45:00,lux_001,343.0,luminosity
2025-10-07 11:45:00,occ_001,1.0,occupancy
2025-10-07 12:00:00,temp_001,23.65,temperature
2025-10-07 12:00:00,lux_001,505.0,luminosity
2025-10-07 12:00:00,occ_001,1.0,occupancy
2025-10-07 12:15:00,temp_001,23.84,temperature
2025-10-07 12:15:00,lux_001,354.0,luminosity
2025-10-07 12:15:00,occ_001,1.0,occupancy
2025-10-07 12:30:00,temp_001,23.75,temperature
2025-10-07 12:30:00,lux_001,401.0,luminosity
2025-10-07 12:30:00,occ_001,1.0,occupancy
2025-10-07 12:45:00,temp_001,24.03,temperature
2025-10-07 12:45:00,lux_001,557.0,luminosity
2025-10-07 12:45:00,occ_001,1.0,occupancy
2025-10-07 13:00:00,temp_001,24.06,temperature
2025-10-07 13:00:00,lux_001,487.0,luminosity
2025-10-07 13:00:00,occ_001,1.0,occupancy
2025-10-07 13:15:00,temp_001,23.76,temperature
2025-10-07 13:15:00,lux_001,540.0,luminosity
2025-10-07 13:15:00,occ_001,1.0,occupancy
2025-10-07 13:30:00,temp_001,23.79,temperature
2025-10-07 13:30:00,lux_001,628.0,luminosity
2025-10-07 13:30:00,occ_001,0.0,occupancy
2025-10-07 13:45:00,temp_001,23.52,temperature
2025-10-07 13:45:00,lux_001,514.0,luminosity
2025-10-07 13:45:00,occ_001,1.0,occupancy
2025-10-07 14:00:00,temp_001,23.72,temperature
2025-10-07 14:00:00,lux_001,495.0,luminosity
2025-10-07 14:00:00,occ_001,1.0,occupancy
2025-10-07 14:15:00,temp_001,24.7,temperature
2025-10-07 14:15:00,lux_001,476.0,luminosity
2025-10-07 14:15:00,occ_001,1.0,occupancy
2025-10-07 14:30:00,temp_001,24.56,temperature
2025-10-07 14:30:00,lux_001,350.0,luminosity
2025-10-07 14:30:00,occ_001,1.0,occupancy
2025-10-07 14:45:00,temp_001,23.24,temperature
2025-10-07 14:45:00,lux_001,568.0,luminosity
2025-10-07 14:45:00,occ_001,0.0,occupancy
2025-10-07 15:00:00,temp_001,22.97,temperature
2025-10-07 15:00:00,lux_001,672.0,luminosity
2025-10-07 15:00:00,occ_001,0.0,occupancy
2025-10-07 15:15:00,temp_001,24.14,temperature
2025-10-07 15:15:00,lux_001,504.0,luminosity
2025-10-07 15:15:00,occ_001,1.0,occupancy
2025-10-07 15:30:00,temp_001,23.41,temperature
2025-10-07 15:30:00,lux_001,562.0,luminosity
2025-10-07 15:30:00,occ_001,1.0,occupancy
2025-10-07 15:45:00,temp_001,23.48,temperature
2025-10-07 15:45:00,lux_001,389.0,luminosity
2025-10-07 15:45:00,occ_001,1.0,occupancy
2025-10-07 16:00:00,temp_001,23.7,temperature
2025-10-07 16:00:00,lux_001,590.0,luminosity
2025-10-07 16:00:00,occ_001,0.0,occupancy
2025-10-07 16:15:00,temp_001,22.89,temperature
2025-10-07 16:15:00,lux_001,633.0,luminosity
2025-10-07 16:15:00,occ_001,0.0,occupancy
2025-10-07 16:30:00,temp_001,23.79,temperature
2025-10-07 16:30:00,lux_001,505.0,luminosity
2025-10-07 16:30:00,occ_001,1.0,occupancy
2025-10-07 16:45:00,temp_001,24.17,temperature
2025-10-07 16:45:00,lux_001,642.0,luminosity
2025-10-07 16:45:00,occ_001,1.0,occupancy
2025-10-07 17:00:00,temp_001,23.52,temperature
2025-10-07 17:00:00,lux_001,488.0,luminosity
2025-10-07 17:00:00,occ_001,1.0,occupancy
2025-10-07 17:15:00,temp_001,23.08,temperature
2025-10-07 17:15:00,lux_001,397.0,luminosity
2025-10-07 17:15:00,occ_001,1.0,occupancy
2025-10-07 17:30:00,temp_001,23.74,temperature
2025-10-07 17:30:00,lux_001,541.0,luminosity
2025-10-07 17:30:00,occ_001,1.0,occupancy
2025-10-07 17:45:00,temp_001,23.29,temperature
2025-10-07 17:45:00,lux_001,481.0,luminosity
2025-10-07 17:45:00,occ_001,0.0,occupancy
2025-10-07 18:00:00,temp_001,23.32,temperature
2025-10-07 18:00:00,lux_001,405.0,luminosity
2025-10-07 18:00:00,occ_001,0.0,occupancy
2025-10-07 18:15:00,temp_001,22.2,temperature
2025-10-07 18:15:00,lux_001,458.0,luminosity
2025-10-07 18:15:00,occ_001,0.0,occupancy
2025-10-07 18:30:00,temp_001,22.39,temperature
2025-10-07 18:30:00,lux_001,638.0,luminosity
2025-10-07 18:30:00,occ_001,0.0,occupancy
2025-10-07 18:45:00,temp_001,22.95,temperature
2025-10-07 18:45:00,lux_001,340.0,luminosity
2025-10-07 18:45:00,occ_001,0.0,occupancy
2025-10-07 19:00:00,temp_001,23.21,temperature
2025-10-07 19:00:00,lux_001,11.0,luminosity
2025-10-07 19:00:00,occ_001,0.0,occupancy
2025-10-07 19:15:00,temp_001,22.47,temperature
2025-10-07 19:15:00,lux_001,16.0,luminosity
2025-10-07 19:15:00,occ_001,1.0,occupancy
2025-10-07 19:30:00,temp_001,22.69,temperature
2025-10-07 19:30:00,lux_001,11.0,luminosity
2025-10-07 19:30:00,occ_001,0.0,occupancy
2025-10-07 19:45:00,temp_001,22.25,temperature
2025-10-07 19:45:00,lux_001,14.0,luminosity
2025-10-07 19:45:00,occ_001,0.0,occupancy
2025-10-07 20:00:00,temp_001,21.84,temperature
2025-10-07 20:00:00,lux_001,8.0,luminosity
2025-10-07 20:00:00,occ_001,1.0,occupancy
2025-10-07 20:15:00,temp_001,22.59,temperature
2025-10-07 20:15:00,lux_001,3.0,luminosity
2025-10-07 20:15:00,occ_001,0.0,occupancy
2025-10-07 20:30:00,temp_001,22.57,temperature
2025-10-07 20:30:00,lux_001,0.0,luminosity
2025-10-07 20:30:00,occ_001,0.0,occupancy
2025-10-07 20:45:00,temp_001,22.21,temperature
2025-10-07 20:45:00,lux_001,12.0,luminosity
2025-10-07 20:45:00,occ_001,0.0,occupancy
2025-10-07 21:00:00,temp_001,21.84,temperature
2025-10-07 21:00:00,lux_001,13.0,luminosity
2025-10-07 21:00:00,occ_001,0.0,occupancy
2025-10-07 21:15:00,temp_001,21.42,temperature
2025-10-07 21:15:00,lux_001,7.0,luminosity
2025-10-07 21:15:00,occ_001,0.0,occupancy
2025-10-07 21:30:00,temp_001,21.41,temperature
2025-10-07 21:30:00,lux_001,7.0,luminosity
2025-10-07 21:30:00,occ_001,0.0,occupancy
2025-10-07 21:45:00,temp_001,21.83,temperature
2025-10-07 21:45:00,lux_001,7.0,luminosity
2025-10-07 21:45:00,occ_001,1.0,occupancy
2025-10-07 22:00:00,temp_001,20.6,temperature
2025-10-07 22:00:00,lux_001,3.0,luminosity
2025-10-07 22:00:00,occ_001,0.0,occupancy
2025-10-07 22:15:00,temp_001,21.36,temperature
2025-10-07 22:15:00,lux_001,12.0,luminosity
2025-10-07 22:15:00,occ_001,0.0,occupancy
2025-10-07 22:30:00,temp_001,21.25,temperature
2025-10-07 22:30:00,lux_001,8.0,luminosity
2025-10-07 22:30:00,occ_001,0.0,occupancy
2025-10-07 22:45:00,temp_001,20.49,temperature
2025-10-07 22:45:00,lux_001,7.0,luminosity
2025-10-07 22:45:00,occ_001,0.0,occupancy
2025-10-07 23:00:00,temp_001,20.31,temperature
2025-10-07 23:00:00,lux_001,15.0,luminosity
2025-10-07 23:00:00,occ_001,0.0,occupancy
2025-10-07 23:15:00,temp_001,20.56,temperature
2025-10-07 23:15:00,lux_001,5.0,luminosity
2025-10-07 23:15:00,occ_001,0.0,occupancy
2025-10-07 23:30:00,temp_001,21.24,temperature
2025-10-07 23:30:00,lux_001,16.0,luminosity
2025-10-07 23:30:00,occ_001,0.0,occupancy
2025-10-07 23:45:00,temp_001,21.11,temperature
2025-10-07 23:45:00,lux_001,16.0,luminosity
2025-10-07 23:45:00,occ_001,0.0,occupancy
